REGION TYPE,REGION,YEAR,WEEK,A (2009 H1N1),A (H1),A (H3),H3N2v,A (H5),B,BVic,BYam,TOTAL_ALLOCATED
National,X,1997,40,0,0,0,0,0,0,0,0,0
National,X,1997,41,0,0,11,0,0,0,0,0,11
National,X,1997,42,0,0,16,0,0,1,0,0,17
National,X,1997,43,0,0,7,0,0,0,0,0,7
National,X,1997,44,0,0,10,0,0,0,0,0,10
National,X,1997,45,0,0,6,0,0,0,0,0,6
National,X,1997,46,0,0,7,0,0,1,0,0,8
National,X,1997,47,0,0,22,0,0,1,0,0,23
National,X,1997,48,0,0,36,0,0,1,0,0,37
National,X,1997,49,0,0,39,0,0,1,0,0,40
National,X,1997,50,0,0,96,0,0,2,0,0,98
National,X,1997,51,0,0,243,0,0,0,0,0,243
National,X,1997,52,0,0,422,0,0,0,0,0,422
National,X,1997,53,0,5,784,0,0,1,0,0,790
National,X,1998,1,0,0,1019,0,0,3,0,0,1022
National,X,1998,2,0,12,1135,0,0,4,0,0,1151
National,X,1998,3,0,3,1583,0,0,1,0,0,1587
National,X,1998,4,0,0,1888,0,0,1,0,0,1889
National,X,1998,5,0,0,1679,0,0,1,0,0,1680
National,X,1998,6,0,4,1421,0,0,5,0,0,1430
National,X,1998,7,0,0,983,0,0,4,0,0,987
National,X,1998,8,0,0,562,0,0,4,0,0,566
National,X,1998,9,0,0,304,0,0,3,0,0,307
National,X,1998,10,0,0,196,0,0,6,0,0,202
National,X,1998,11,0,0,116,0,0,5,0,0,121
National,X,1998,12,0,0,78,0,0,6,0,0,84
National,X,1998,13,0,0,40,0,0,7,0,0,47
National,X,1998,14,0,0,28,0,0,6,0,0,34
National,X,1998,15,0,0,27,0,0,12,0,0,39
National,X,1998,16,0,0,17,0,0,4,0,0,21
National,X,1998,17,0,0,10,0,0,6,0,0,16
National,X,1998,18,0,0,11,0,0,5,0,0,16
National,X,1998,19,0,0,5,0,0,4,0,0,9
National,X,1998,20,0,0,2,0,0,7,0,0,9
National,X,1998,21,0,0,0,0,0,0,0,0,0
National,X,1998,22,0,0,0,0,0,0,0,0,0
National,X,1998,23,0,0,0,0,0,0,0,0,0
National,X,1998,24,0,0,0,0,0,0,0,0,0
National,X,1998,25,0,0,0,0,0,0,0,0,0
National,X,1998,26,0,0,0,0,0,0,0,0,0
National,X,1998,27,0,0,0,0,0,0,0,0,0
National,X,1998,28,0,0,0,0,0,0,0,0,0
National,X,1998,29,0,0,0,0,0,0,0,0,0
National,X,1998,30,0,0,0,0,0,0,0,0,0
National,X,1998,31,0,0,0,0,0,0,0,0,0
National,X,1998,32,0,0,0,0,0,0,0,0,0
National,X,1998,33,0,0,0,0,0,0,0,0,0
National,X,1998,34,0,0,0,0,0,0,0,0,0
National,X,1998,35,0,0,0,0,0,0,0,0,0
National,X,1998,36,0,0,0,0,0,0,0,0,0
National,X,1998,37,0,0,0,0,0,0,0,0,0
National,X,1998,38,0,0,0,0,0,0,0,0,0
National,X,1998,39,0,0,0,0,0,0,0,0,0
National,X,1998,40,0,0,2,0,0,0,0,0,2
National,X,1998,41,0,0,5,0,0,0,0,0,5
National,X,1998,42,0,3,0,0,0,0,0,0,3
National,X,1998,43,0,0,1,0,0,5,0,0,6
National,X,1998,44,0,0,18,0,0,0,0,0,18
National,X,1998,45,0,0,10,0,0,4,0,0,14
National,X,1998,46,0,0,4,0,0,4,0,0,8
National,X,1998,47,0,0,9,0,0,8,0,0,17
National,X,1998,48,0,0,17,0,0,11,0,0,28
National,X,1998,49,0,0,24,0,0,21,0,0,45
National,X,1998,50,0,2,26,0,0,14,0,0,42
National,X,1998,51,0,0,56,0,0,27,0,0,83
National,X,1998,52,0,3,126,0,0,31,0,0,160
National,X,1999,1,0,0,255,0,0,76,0,0,331
National,X,1999,2,0,3,460,0,0,111,0,0,574
National,X,1999,3,0,4,708,0,0,153,0,0,865
National,X,1999,4,0,4,877,0,0,269,0,0,1150
National,X,1999,5,0,4,1274,0,0,400,0,0,1678
National,X,1999,6,0,9,1444,0,0,407,0,0,1860
National,X,1999,7,0,44,1292,0,0,379,0,0,1715
National,X,1999,8,0,5,1298,0,0,366,0,0,1669
National,X,1999,9,0,6,1047,0,0,334,0,0,1387
National,X,1999,10,0,10,657,0,0,216,0,0,883
National,X,1999,11,0,21,430,0,0,176,0,0,627
National,X,1999,12,0,4,339,0,0,121,0,0,464
National,X,1999,13,0,0,163,0,0,61,0,0,224
National,X,1999,14,0,5,133,0,0,38,0,0,176
National,X,1999,15,0,6,85,0,0,20,0,0,111
National,X,1999,16,0,0,28,0,0,8,0,0,36
National,X,1999,17,0,0,25,0,0,3,0,0,28
National,X,1999,18,0,0,13,0,0,4,0,0,17
National,X,1999,19,0,0,5,0,0,4,0,0,9
National,X,1999,20,0,0,6,0,0,1,0,0,7
National,X,1999,21,0,0,7,0,0,0,0,0,7
National,X,1999,22,0,0,1,0,0,0,0,0,1
National,X,1999,23,0,0,0,0,0,0,0,0,0
National,X,1999,24,0,0,0,0,0,0,0,0,0
National,X,1999,25,0,0,0,0,0,0,0,0,0
National,X,1999,26,0,0,0,0,0,0,0,0,0
National,X,1999,27,0,0,0,0,0,0,0,0,0
National,X,1999,28,0,0,0,0,0,0,0,0,0
National,X,1999,29,0,0,0,0,0,0,0,0,0
National,X,1999,30,0,0,0,0,0,0,0,0,0
National,X,1999,31,0,0,0,0,0,0,0,0,0
National,X,1999,32,0,0,0,0,0,0,0,0,0
National,X,1999,33,0,0,0,0,0,0,0,0,0
National,X,1999,34,0,0,0,0,0,0,0,0,0
National,X,1999,35,0,0,0,0,0,0,0,0,0
National,X,1999,36,0,0,0,0,0,0,0,0,0
National,X,1999,37,0,0,0,0,0,0,0,0,0
National,X,1999,38,0,0,0,0,0,0,0,0,0
National,X,1999,39,0,0,0,0,0,0,0,0,0
National,X,1999,40,0,0,18,0,0,0,0,0,18
National,X,1999,41,0,0,19,0,0,1,0,0,20
National,X,1999,42,0,0,44,0,0,3,0,0,47
National,X,1999,43,0,0,57,0,0,0,0,0,57
National,X,1999,44,0,0,94,0,0,2,0,0,96
National,X,1999,45,0,0,148,0,0,0,0,0,148
National,X,1999,46,0,0,231,0,0,0,0,0,231
National,X,1999,47,0,0,285,0,0,1,0,0,286
National,X,1999,48,0,0,527,0,0,0,0,0,527
National,X,1999,49,0,9,835,0,0,1,0,0,845
National,X,1999,50,0,5,1297,0,0,4,0,0,1306
National,X,1999,51,0,10,1715,0,0,1,0,0,1726
National,X,1999,52,0,17,2130,0,0,4,0,0,2151
National,X,2000,1,0,11,2091,0,0,1,0,0,2103
National,X,2000,2,0,0,1643,0,0,2,0,0,1645
National,X,2000,3,0,7,1034,0,0,3,0,0,1044
National,X,2000,4,0,8,682,0,0,5,0,0,695
National,X,2000,5,0,30,454,0,0,1,0,0,485
National,X,2000,6,0,21,387,0,0,4,0,0,412
National,X,2000,7,0,33,224,0,0,6,0,0,263
National,X,2000,8,0,58,133,0,0,9,0,0,200
National,X,2000,9,0,24,71,0,0,5,0,0,100
National,X,2000,10,0,38,31,0,0,6,0,0,75
National,X,2000,11,0,35,13,0,0,5,0,0,53
National,X,2000,12,0,28,2,0,0,3,0,0,33
National,X,2000,13,0,13,5,0,0,3,0,0,21
National,X,2000,14,0,13,2,0,0,4,0,0,19
National,X,2000,15,0,17,0,0,0,5,0,0,22
National,X,2000,16,0,7,11,0,0,5,0,0,23
National,X,2000,17,0,12,0,0,0,4,0,0,16
National,X,2000,18,0,4,0,0,0,6,0,0,10
National,X,2000,19,0,0,1,0,0,1,0,0,2
National,X,2000,20,0,0,0,0,0,2,0,0,2
National,X,2000,21,0,4,0,0,0,2,0,0,6
National,X,2000,22,0,3,0,0,0,0,0,0,3
National,X,2000,23,0,0,1,0,0,2,0,0,3
National,X,2000,24,0,0,0,0,0,1,0,0,1
National,X,2000,25,0,0,0,0,0,0,0,0,0
National,X,2000,26,0,0,0,0,0,1,0,0,1
National,X,2000,27,0,0,0,0,0,0,0,0,0
National,X,2000,28,0,0,0,0,0,0,0,0,0
National,X,2000,29,0,0,0,0,0,0,0,0,0
National,X,2000,30,0,0,0,0,0,0,0,0,0
National,X,2000,31,0,0,0,0,0,0,0,0,0
National,X,2000,32,0,0,0,0,0,0,0,0,0
National,X,2000,33,0,0,0,0,0,0,0,0,0
National,X,2000,34,0,0,0,0,0,0,0,0,0
National,X,2000,35,0,0,0,0,0,0,0,0,0
National,X,2000,36,0,0,0,0,0,0,0,0,0
National,X,2000,37,0,0,0,0,0,0,0,0,0
National,X,2000,38,0,0,0,0,0,0,0,0,0
National,X,2000,39,0,0,0,0,0,0,0,0,0
National,X,2000,40,0,0,0,0,0,1,0,0,1
National,X,2000,41,0,4,0,0,0,0,0,0,4
National,X,2000,42,0,2,0,0,0,2,0,0,4
National,X,2000,43,0,8,4,0,0,2,0,0,14
National,X,2000,44,0,12,1,0,0,3,0,0,16
National,X,2000,45,0,29,1,0,0,7,0,0,37
National,X,2000,46,0,28,2,0,0,13,0,0,43
National,X,2000,47,0,48,5,0,0,24,0,0,77
National,X,2000,48,0,60,2,0,0,36,0,0,98
National,X,2000,49,0,113,7,0,0,41,0,0,161
National,X,2000,50,0,163,8,0,0,55,0,0,226
National,X,2000,51,0,286,5,0,0,103,0,0,394
National,X,2000,52,0,327,0,0,0,132,0,0,459
National,X,2001,1,0,333,11,0,0,167,0,0,511
National,X,2001,2,0,524,13,0,0,275,0,0,812
National,X,2001,3,0,753,6,0,0,373,0,0,1132
National,X,2001,4,0,827,14,0,0,489,0,0,1330
National,X,2001,5,0,711,3,0,0,524,0,0,1238
National,X,2001,6,0,472,8,0,0,587,0,0,1067
National,X,2001,7,0,278,11,0,0,470,0,0,759
National,X,2001,8,0,187,13,0,0,437,0,0,637
National,X,2001,9,0,101,17,0,0,377,0,0,495
National,X,2001,10,0,74,2,0,0,197,0,0,273
National,X,2001,11,0,43,4,0,0,152,0,0,199
National,X,2001,12,0,19,9,0,0,153,0,0,181
National,X,2001,13,0,24,2,0,0,96,0,0,122
National,X,2001,14,0,10,0,0,0,68,0,0,78
National,X,2001,15,0,0,8,0,0,37,0,0,45
National,X,2001,16,0,3,0,0,0,44,0,0,47
National,X,2001,17,0,0,0,0,0,21,0,0,21
National,X,2001,18,0,1,0,0,0,8,0,0,9
National,X,2001,19,0,1,0,0,0,6,0,0,7
National,X,2001,20,0,0,0,0,0,9,0,0,9
National,X,2001,21,0,1,0,0,0,0,0,0,1
National,X,2001,22,0,2,0,0,0,0,0,0,2
National,X,2001,23,0,1,0,0,0,0,0,0,1
National,X,2001,24,0,1,0,0,0,0,0,0,1
National,X,2001,25,0,0,0,0,0,0,0,0,0
National,X,2001,26,0,0,0,0,0,0,0,0,0
National,X,2001,27,0,0,0,0,0,0,0,0,0
National,X,2001,28,0,0,0,0,0,0,0,0,0
National,X,2001,29,0,0,0,0,0,0,0,0,0
National,X,2001,30,0,0,0,0,0,0,0,0,0
National,X,2001,31,0,0,0,0,0,0,0,0,0
National,X,2001,32,0,0,0,0,0,0,0,0,0
National,X,2001,33,0,0,0,0,0,0,0,0,0
National,X,2001,34,0,0,0,0,0,0,0,0,0
National,X,2001,35,0,0,0,0,0,0,0,0,0
National,X,2001,36,0,0,0,0,0,0,0,0,0
National,X,2001,37,0,0,0,0,0,0,0,0,0
National,X,2001,38,0,0,0,0,0,0,0,0,0
National,X,2001,39,0,0,0,0,0,0,0,0,0
National,X,2001,40,0,0,7,0,0,1,0,0,8
National,X,2001,41,0,0,5,0,0,0,0,0,5
National,X,2001,42,0,0,8,0,0,0,0,0,8
National,X,2001,43,0,0,17,0,0,0,0,0,17
National,X,2001,44,0,2,11,0,0,0,0,0,13
National,X,2001,45,0,0,13,0,0,0,0,0,13
National,X,2001,46,0,0,45,0,0,1,0,0,46
National,X,2001,47,0,0,30,0,0,3,0,0,33
National,X,2001,48,0,0,73,0,0,1,0,0,74
National,X,2001,49,0,2,76,0,0,5,0,0,83
National,X,2001,50,0,5,105,0,0,2,0,0,112
National,X,2001,51,0,11,154,0,0,4,0,0,169
National,X,2001,52,0,0,219,0,0,1,0,0,220
National,X,2002,1,0,0,342,0,0,2,0,0,344
National,X,2002,2,0,0,534,0,0,6,0,0,540
National,X,2002,3,0,3,919,0,0,5,0,0,927
National,X,2002,4,0,13,1218,0,0,12,0,0,1243
National,X,2002,5,0,10,1440,0,0,24,0,0,1474
National,X,2002,6,0,16,1604,0,0,19,0,0,1639
National,X,2002,7,0,11,1768,0,0,28,0,0,1807
National,X,2002,8,0,35,1730,0,0,68,0,0,1833
National,X,2002,9,0,27,1312,0,0,86,0,0,1425
National,X,2002,10,0,26,975,0,0,136,0,0,1137
National,X,2002,11,0,24,613,0,0,166,0,0,803
National,X,2002,12,0,7,352,0,0,210,0,0,569
National,X,2002,13,0,11,163,0,0,284,0,0,458
National,X,2002,14,0,12,83,0,0,235,0,0,330
National,X,2002,15,0,12,49,0,0,192,0,0,253
National,X,2002,16,0,9,27,0,0,226,0,0,262
National,X,2002,17,0,2,16,0,0,138,0,0,156
National,X,2002,18,0,2,17,0,0,149,0,0,168
National,X,2002,19,0,5,0,0,0,140,0,0,145
National,X,2002,20,0,2,0,0,0,86,0,0,88
National,X,2002,21,0,0,3,0,0,61,0,0,64
National,X,2002,22,0,0,2,0,0,34,0,0,36
National,X,2002,23,0,0,1,0,0,25,0,0,26
National,X,2002,24,0,0,0,0,0,7,0,0,7
National,X,2002,25,0,0,0,0,0,2,0,0,2
National,X,2002,26,0,0,0,0,0,4,0,0,4
National,X,2002,27,0,0,0,0,0,2,0,0,2
National,X,2002,28,0,0,0,0,0,1,0,0,1
National,X,2002,29,0,0,0,0,0,0,0,0,0
National,X,2002,30,0,0,1,0,0,1,0,0,2
National,X,2002,31,0,0,0,0,0,0,0,0,0
National,X,2002,32,0,0,0,0,0,0,0,0,0
National,X,2002,33,0,0,0,0,0,0,0,0,0
National,X,2002,34,0,0,0,0,0,0,0,0,0
National,X,2002,35,0,0,0,0,0,1,0,0,1
National,X,2002,36,0,0,0,0,0,0,0,0,0
National,X,2002,37,0,0,0,0,0,0,0,0,0
National,X,2002,38,0,0,2,0,0,1,0,0,3
National,X,2002,39,0,0,0,0,0,2,0,0,2
National,X,2002,40,0,0,0,0,0,0,0,0,0
National,X,2002,41,0,2,0,0,0,1,0,0,3
National,X,2002,42,0,0,0,0,0,0,0,0,0
National,X,2002,43,0,5,0,0,0,1,0,0,6
National,X,2002,44,0,2,1,0,0,3,0,0,6
National,X,2002,45,0,0,2,0,0,3,0,0,5
National,X,2002,46,0,4,2,0,0,4,0,0,10
National,X,2002,47,0,6,0,0,0,16,0,0,22
National,X,2002,48,0,2,7,0,0,6,0,0,15
National,X,2002,49,0,7,5,0,0,28,0,0,40
National,X,2002,50,0,19,5,0,0,73,0,0,97
National,X,2002,51,0,38,7,0,0,146,0,0,191
National,X,2002,52,0,30,11,0,0,119,0,0,160
National,X,2003,1,0,51,15,0,0,82,0,0,148
National,X,2003,2,0,83,32,0,0,134,0,0,249
National,X,2003,3,0,133,22,0,0,202,0,0,357
National,X,2003,4,0,221,50,0,0,276,0,0,547
National,X,2003,5,0,338,103,0,0,413,0,0,854
National,X,2003,6,0,540,147,0,0,598,0,0,1285
National,X,2003,7,0,459,208,0,0,517,0,0,1184
National,X,2003,8,0,419,209,0,0,368,0,0,996
National,X,2003,9,0,445,164,0,0,357,0,0,966
National,X,2003,10,0,324,141,0,0,214,0,0,679
National,X,2003,11,0,303,108,0,0,175,0,0,586
National,X,2003,12,0,260,119,0,0,124,0,0,503
National,X,2003,13,0,159,51,0,0,71,0,0,281
National,X,2003,14,0,89,71,0,0,41,0,0,201
National,X,2003,15,0,48,46,0,0,16,0,0,110
National,X,2003,16,0,26,40,0,0,23,0,0,89
National,X,2003,17,0,15,32,0,0,11,0,0,58
National,X,2003,18,0,24,24,0,0,20,0,0,68
National,X,2003,19,0,8,10,0,0,10,0,0,28
National,X,2003,20,0,9,4,0,0,6,0,0,19
National,X,2003,21,0,3,6,0,0,7,0,0,16
National,X,2003,22,0,0,2,0,0,4,0,0,6
National,X,2003,23,0,5,0,0,0,8,0,0,13
National,X,2003,24,0,0,3,0,0,4,0,0,7
National,X,2003,25,0,0,2,0,0,2,0,0,4
National,X,2003,26,0,1,1,0,0,0,0,0,2
National,X,2003,27,0,0,1,0,0,0,0,0,1
National,X,2003,28,0,0,3,0,0,0,0,0,3
National,X,2003,29,0,0,4,0,0,0,0,0,4
National,X,2003,30,0,0,4,0,0,0,0,0,4
National,X,2003,31,0,0,7,0,0,1,0,0,8
National,X,2003,32,0,0,2,0,0,0,0,0,2
National,X,2003,33,0,0,3,0,0,0,0,0,3
National,X,2003,34,0,0,0,0,0,0,0,0,0
National,X,2003,35,0,0,0,0,0,0,0,0,0
National,X,2003,36,0,1,1,0,0,0,0,0,2
National,X,2003,37,0,0,1,0,0,0,0,0,1
National,X,2003,38,0,0,2,0,0,0,0,0,2
National,X,2003,39,0,0,0,0,0,0,0,0,0
National,X,2003,40,0,0,21,0,0,1,0,0,22
National,X,2003,41,0,0,77,0,0,0,0,0,77
National,X,2003,42,0,0,252,0,0,1,0,0,253
National,X,2003,43,0,0,454,0,0,4,0,0,458
National,X,2003,44,0,0,535,0,0,0,0,0,535
National,X,2003,45,0,3,856,0,0,3,0,0,862
National,X,2003,46,0,0,1289,0,0,2,0,0,1291
National,X,2003,47,0,0,1960,0,0,8,0,0,1968
National,X,2003,48,0,0,2241,0,0,10,0,0,2251
National,X,2003,49,0,0,3237,0,0,32,0,0,3269
National,X,2003,50,0,0,4061,0,0,29,0,0,4090
National,X,2003,51,0,0,3609,0,0,20,0,0,3629
National,X,2003,52,0,0,2395,0,0,16,0,0,2411
National,X,2003,53,0,0,1689,0,0,12,0,0,1701
National,X,2004,1,0,0,853,0,0,9,0,0,862
National,X,2004,2,0,0,500,0,0,5,0,0,505
National,X,2004,3,0,0,257,0,0,3,0,0,260
National,X,2004,4,0,0,163,0,0,3,0,0,166
National,X,2004,5,0,2,103,0,0,2,0,0,107
National,X,2004,6,0,0,60,0,0,5,0,0,65
National,X,2004,7,0,0,48,0,0,8,0,0,56
National,X,2004,8,0,0,26,0,0,12,0,0,38
National,X,2004,9,0,0,10,0,0,8,0,0,18
National,X,2004,10,0,0,8,0,0,6,0,0,14
National,X,2004,11,0,0,11,0,0,2,0,0,13
National,X,2004,12,0,0,9,0,0,15,0,0,24
National,X,2004,13,0,0,8,0,0,9,0,0,17
National,X,2004,14,0,0,1,0,0,8,0,0,9
National,X,2004,15,0,0,3,0,0,12,0,0,15
National,X,2004,16,0,0,13,0,0,11,0,0,24
National,X,2004,17,0,0,4,0,0,7,0,0,11
National,X,2004,18,0,0,3,0,0,6,0,0,9
National,X,2004,19,0,0,0,0,0,2,0,0,2
National,X,2004,20,0,0,1,0,0,3,0,0,4
National,X,2004,21,0,0,3,0,0,3,0,0,6
National,X,2004,22,0,0,2,0,0,4,0,0,6
National,X,2004,23,0,0,1,0,0,2,0,0,3
National,X,2004,24,0,0,0,0,0,2,0,0,2
National,X,2004,25,0,0,2,0,0,1,0,0,3
National,X,2004,26,0,0,1,0,0,2,0,0,3
National,X,2004,27,0,0,0,0,0,1,0,0,1
National,X,2004,28,0,0,0,0,0,2,0,0,2
National,X,2004,29,0,0,0,0,0,2,0,0,2
National,X,2004,30,0,0,0,0,0,0,0,0,0
National,X,2004,31,0,0,1,0,0,1,0,0,2
National,X,2004,32,0,0,1,0,0,0,0,0,1
National,X,2004,33,0,0,0,0,0,1,0,0,1
National,X,2004,34,0,0,3,0,0,1,0,0,4
National,X,2004,35,0,0,4,0,0,0,0,0,4
National,X,2004,36,0,0,0,0,0,3,0,0,3
National,X,2004,37,0,0,5,0,0,2,0,0,7
National,X,2004,38,0,0,3,0,0,1,0,0,4
National,X,2004,39,0,0,12,0,0,2,0,0,14
National,X,2004,40,0,0,8,0,0,4,0,0,12
National,X,2004,41,0,0,13,0,0,1,0,0,14
National,X,2004,42,0,0,28,0,0,11,0,0,39
National,X,2004,43,0,0,25,0,0,7,0,0,32
National,X,2004,44,0,0,29,0,0,16,0,0,45
National,X,2004,45,0,0,38,0,0,24,0,0,62
National,X,2004,46,0,0,71,0,0,21,0,0,92
National,X,2004,47,0,0,40,0,0,21,0,0,61
National,X,2004,48,0,0,105,0,0,32,0,0,137
National,X,2004,49,0,0,161,0,0,32,0,0,193
National,X,2004,50,0,2,239,0,0,45,0,0,286
National,X,2004,51,0,3,474,0,0,54,0,0,531
National,X,2004,52,0,0,850,0,0,123,0,0,973
National,X,2005,1,0,5,1114,0,0,166,0,0,1285
National,X,2005,2,0,6,938,0,0,182,0,0,1126
National,X,2005,3,0,7,1264,0,0,212,0,0,1483
National,X,2005,4,0,3,1557,0,0,306,0,0,1866
National,X,2005,5,0,0,1901,0,0,424,0,0,2325
National,X,2005,6,0,7,2086,0,0,478,0,0,2571
National,X,2005,7,0,6,2086,0,0,613,0,0,2705
National,X,2005,8,0,3,1657,0,0,618,0,0,2278
National,X,2005,9,0,0,1178,0,0,520,0,0,1698
National,X,2005,10,0,0,798,0,0,418,0,0,1216
National,X,2005,11,0,0,637,0,0,471,0,0,1108
National,X,2005,12,0,0,406,0,0,463,0,0,869
National,X,2005,13,0,12,212,0,0,343,0,0,567
National,X,2005,14,0,0,143,0,0,212,0,0,355
National,X,2005,15,0,0,53,0,0,123,0,0,176
National,X,2005,16,0,2,46,0,0,75,0,0,123
National,X,2005,17,0,0,27,0,0,42,0,0,69
National,X,2005,18,0,0,18,0,0,33,0,0,51
National,X,2005,19,0,0,18,0,0,19,0,0,37
National,X,2005,20,0,0,23,0,0,16,0,0,39
National,X,2005,21,0,0,12,0,0,19,0,0,31
National,X,2005,22,0,0,8,0,0,15,0,0,23
National,X,2005,23,0,0,4,0,0,8,0,0,12
National,X,2005,24,0,0,5,0,0,10,0,0,15
National,X,2005,25,0,0,6,0,0,5,0,0,11
National,X,2005,26,0,0,6,0,0,1,0,0,7
National,X,2005,27,0,0,1,0,0,4,0,0,5
National,X,2005,28,0,0,0,0,0,2,0,0,2
National,X,2005,29,0,0,1,0,0,2,0,0,3
National,X,2005,30,0,0,1,0,0,1,0,0,2
National,X,2005,31,0,0,0,0,0,0,0,0,0
National,X,2005,32,0,0,4,0,0,0,0,0,4
National,X,2005,33,0,6,0,0,0,0,0,0,6
National,X,2005,34,0,0,4,0,0,0,0,0,4
National,X,2005,35,0,0,5,0,0,1,0,0,6
National,X,2005,36,0,0,1,0,0,0,0,0,1
National,X,2005,37,0,0,4,0,0,1,0,0,5
National,X,2005,38,0,0,2,0,0,0,0,0,2
National,X,2005,39,0,0,6,0,0,1,0,0,7
National,X,2005,40,0,0,10,0,0,1,0,0,11
National,X,2005,41,0,0,10,0,0,2,0,0,12
National,X,2005,42,0,0,20,0,0,5,0,0,25
National,X,2005,43,0,0,12,0,0,2,0,0,14
National,X,2005,44,0,0,20,0,0,3,0,0,23
National,X,2005,45,0,2,34,0,0,7,0,0,43
National,X,2005,46,0,4,39,0,0,4,0,0,47
National,X,2005,47,0,0,49,0,0,3,0,0,52
National,X,2005,48,0,2,112,0,0,2,0,0,116
National,X,2005,49,0,2,204,0,0,8,0,0,214
National,X,2005,50,0,0,394,0,0,5,0,0,399
National,X,2005,51,0,2,678,0,0,11,0,0,691
National,X,2005,52,0,5,758,0,0,23,0,0,786
National,X,2006,1,0,3,725,0,0,24,0,0,752
National,X,2006,2,0,11,810,0,0,22,0,0,843
National,X,2006,3,0,12,842,0,0,29,0,0,883
National,X,2006,4,0,13,1013,0,0,33,0,0,1059
National,X,2006,5,0,21,1078,0,0,74,0,0,1173
National,X,2006,6,0,31,1124,0,0,142,0,0,1297
National,X,2006,7,0,61,1341,0,0,184,0,0,1586
National,X,2006,8,0,58,1325,0,0,242,0,0,1625
National,X,2006,9,0,88,1318,0,0,396,0,0,1802
National,X,2006,10,0,156,1190,0,0,408,0,0,1754
National,X,2006,11,0,119,821,0,0,441,0,0,1381
National,X,2006,12,0,230,528,0,0,432,0,0,1190
National,X,2006,13,0,172,365,0,0,438,0,0,975
National,X,2006,14,0,122,171,0,0,312,0,0,605
National,X,2006,15,0,69,148,0,0,241,0,0,458
National,X,2006,16,0,57,71,0,0,218,0,0,346
National,X,2006,17,0,54,11,0,0,135,0,0,200
National,X,2006,18,0,33,34,0,0,128,0,0,195
National,X,2006,19,0,61,0,0,0,116,0,0,177
National,X,2006,20,0,41,7,0,0,87,0,0,135
National,X,2006,21,0,37,0,0,0,93,0,0,130
National,X,2006,22,0,28,0,0,0,50,0,0,78
National,X,2006,23,0,17,0,0,0,38,0,0,55
National,X,2006,24,0,14,0,0,0,11,0,0,25
National,X,2006,25,0,4,0,0,0,10,0,0,14
National,X,2006,26,0,5,1,0,0,6,0,0,12
National,X,2006,27,0,6,0,0,0,2,0,0,8
National,X,2006,28,0,0,7,0,0,0,0,0,7
National,X,2006,29,0,1,8,0,0,2,0,0,11
National,X,2006,30,0,13,2,0,0,2,0,0,17
National,X,2006,31,0,19,0,0,0,1,0,0,20
National,X,2006,32,0,10,0,0,0,2,0,0,12
National,X,2006,33,0,10,0,0,0,2,0,0,12
National,X,2006,34,0,12,0,0,0,3,0,0,15
National,X,2006,35,0,13,0,0,0,4,0,0,17
National,X,2006,36,0,13,0,0,0,0,0,0,13
National,X,2006,37,0,30,0,0,0,1,0,0,31
National,X,2006,38,0,33,0,0,0,2,0,0,35
National,X,2006,39,0,26,0,0,0,3,0,0,29
National,X,2006,40,0,36,5,0,0,15,0,0,56
National,X,2006,41,0,55,3,0,0,9,0,0,67
National,X,2006,42,0,47,11,0,0,22,0,0,80
National,X,2006,43,0,53,8,0,0,23,0,0,84
National,X,2006,44,0,97,4,0,0,42,0,0,143
National,X,2006,45,0,106,6,0,0,43,0,0,155
National,X,2006,46,0,94,7,0,0,32,0,0,133
National,X,2006,47,0,121,12,0,0,28,0,0,161
National,X,2006,48,0,151,4,0,0,54,0,0,209
National,X,2006,49,0,195,7,0,0,62,0,0,264
National,X,2006,50,0,388,33,0,0,120,0,0,541
National,X,2006,51,0,567,29,0,0,133,0,0,729
National,X,2006,52,0,543,38,0,0,123,0,0,704
National,X,2007,1,0,344,38,0,0,86,0,0,468
National,X,2007,2,0,425,83,0,0,86,0,0,594
National,X,2007,3,0,509,129,0,0,80,0,0,718
National,X,2007,4,0,905,251,0,0,154,0,0,1310
National,X,2007,5,0,1274,372,0,0,203,0,0,1849
National,X,2007,6,0,1673,448,0,0,411,0,0,2532
National,X,2007,7,0,1609,498,0,0,416,0,0,2523
National,X,2007,8,0,1207,634,0,0,526,0,0,2367
National,X,2007,9,0,716,683,0,0,550,0,0,1949
National,X,2007,10,0,514,605,0,0,470,0,0,1589
National,X,2007,11,0,383,540,0,0,430,0,0,1353
National,X,2007,12,0,204,517,0,0,369,0,0,1090
National,X,2007,13,0,141,413,0,0,211,0,0,765
National,X,2007,14,0,89,273,0,0,156,0,0,518
National,X,2007,15,0,54,321,0,0,140,0,0,515
National,X,2007,16,0,53,239,0,0,81,0,0,373
National,X,2007,17,0,34,192,0,0,68,0,0,294
National,X,2007,18,0,23,124,0,0,56,0,0,203
National,X,2007,19,0,14,74,0,0,38,0,0,126
National,X,2007,20,0,7,58,0,0,27,0,0,92
National,X,2007,21,0,8,62,0,0,14,0,0,84
National,X,2007,22,0,5,16,0,0,9,0,0,30
National,X,2007,23,0,3,13,0,0,4,0,0,20
National,X,2007,24,0,0,19,0,0,7,0,0,26
National,X,2007,25,0,5,1,0,0,2,0,0,8
National,X,2007,26,0,0,11,0,0,4,0,0,15
National,X,2007,27,0,5,8,0,0,5,0,0,18
National,X,2007,28,0,7,14,0,0,2,0,0,23
National,X,2007,29,0,9,6,0,0,1,0,0,16
National,X,2007,30,0,23,12,0,0,2,0,0,37
National,X,2007,31,0,5,17,0,0,2,0,0,24
National,X,2007,32,0,21,9,0,0,4,0,0,34
National,X,2007,33,0,15,4,0,0,0,0,0,19
National,X,2007,34,0,22,0,0,0,1,0,0,23
National,X,2007,35,0,23,0,0,0,7,0,0,30
National,X,2007,36,0,24,0,0,0,0,0,0,24
National,X,2007,37,0,21,2,0,0,7,0,0,30
National,X,2007,38,0,25,2,0,0,3,0,0,30
National,X,2007,39,0,15,5,0,0,0,0,0,20
National,X,2007,40,0,35,4,0,0,5,0,0,44
National,X,2007,41,0,38,6,0,0,0,0,0,44
National,X,2007,42,0,41,5,0,0,2,0,0,48
National,X,2007,43,0,40,5,0,0,5,0,0,50
National,X,2007,44,0,63,0,0,0,11,0,0,74
National,X,2007,45,0,47,27,0,0,11,0,0,85
National,X,2007,46,0,68,17,0,0,2,0,0,87
National,X,2007,47,0,120,7,0,0,13,0,0,140
National,X,2007,48,0,118,29,0,0,14,0,0,161
National,X,2007,49,0,123,35,0,0,22,0,0,180
National,X,2007,50,0,131,58,0,0,26,0,0,215
National,X,2007,51,0,186,77,0,0,51,0,0,314
National,X,2007,52,0,271,91,0,0,86,0,0,448
National,X,2008,1,0,294,183,0,0,107,0,0,584
National,X,2008,2,0,448,392,0,0,163,0,0,1003
National,X,2008,3,0,540,564,0,0,209,0,0,1313
National,X,2008,4,0,639,1171,0,0,342,0,0,2152
National,X,2008,5,0,886,2285,0,0,660,0,0,3831
National,X,2008,6,0,944,2997,0,0,930,0,0,4871
National,X,2008,7,0,728,3014,0,0,1085,0,0,4827
National,X,2008,8,0,632,3262,0,0,1383,0,0,5277
National,X,2008,9,0,390,2649,0,0,1412,0,0,4451
National,X,2008,10,0,229,1979,0,0,1387,0,0,3595
National,X,2008,11,0,183,1286,0,0,1095,0,0,2564
National,X,2008,12,0,102,932,0,0,903,0,0,1937
National,X,2008,13,0,42,568,0,0,777,0,0,1387
National,X,2008,14,0,38,350,0,0,511,0,0,899
National,X,2008,15,0,20,186,0,0,416,0,0,622
National,X,2008,16,0,0,115,0,0,234,0,0,349
National,X,2008,17,0,19,41,0,0,131,0,0,191
National,X,2008,18,0,5,42,0,0,79,0,0,126
National,X,2008,19,0,0,22,0,0,43,0,0,65
National,X,2008,20,0,0,18,0,0,20,0,0,38
National,X,2008,21,0,3,11,0,0,15,0,0,29
National,X,2008,22,0,0,9,0,0,10,0,0,19
National,X,2008,23,0,0,12,0,0,5,0,0,17
National,X,2008,24,0,1,4,0,0,7,0,0,12
National,X,2008,25,0,0,5,0,0,2,0,0,7
National,X,2008,26,0,0,0,0,0,6,0,0,6
National,X,2008,27,0,0,1,0,0,3,0,0,4
National,X,2008,28,0,1,1,0,0,4,0,0,6
National,X,2008,29,0,1,1,0,0,2,0,0,4
National,X,2008,30,0,2,8,0,0,0,0,0,10
National,X,2008,31,0,0,3,0,0,4,0,0,7
National,X,2008,32,0,6,0,0,0,1,0,0,7
National,X,2008,33,0,0,0,0,0,1,0,0,1
National,X,2008,34,0,1,2,0,0,3,0,0,6
National,X,2008,35,0,1,1,0,0,3,0,0,5
National,X,2008,36,0,6,0,0,0,0,0,0,6
National,X,2008,37,0,0,9,0,0,2,0,0,11
National,X,2008,38,0,8,9,0,0,3,0,0,20
National,X,2008,39,0,10,0,0,0,2,0,0,12
National,X,2008,40,0,11,0,0,0,6,0,0,17
National,X,2008,41,0,9,8,0,0,6,0,0,23
National,X,2008,42,0,25,6,0,0,6,0,0,37
National,X,2008,43,0,46,0,0,0,15,0,0,61
National,X,2008,44,0,30,7,0,0,6,0,0,43
National,X,2008,45,0,54,5,0,0,12,0,0,71
National,X,2008,46,0,46,4,0,0,12,0,0,62
National,X,2008,47,0,56,2,0,0,26,0,0,84
National,X,2008,48,0,87,2,0,0,20,0,0,109
National,X,2008,49,0,96,13,0,0,18,0,0,127
National,X,2008,50,0,128,19,0,0,42,0,0,189
National,X,2008,51,0,173,40,0,0,60,0,0,273
National,X,2008,52,0,200,40,0,0,45,0,0,285
National,X,2008,53,0,272,43,0,0,50,0,0,365
National,X,2009,1,0,425,85,0,0,79,0,0,589
National,X,2009,2,0,586,71,0,0,103,0,0,760
National,X,2009,3,0,952,133,0,0,190,0,0,1275
National,X,2009,4,0,1388,200,0,0,381,0,0,1969
National,X,2009,5,0,1956,159,0,0,687,0,0,2802
National,X,2009,6,0,2090,170,0,0,947,0,0,3207
National,X,2009,7,0,1824,158,0,0,931,0,0,2913
National,X,2009,8,0,1637,134,0,0,1152,0,0,2923
National,X,2009,9,0,1335,168,0,0,1168,0,0,2671
National,X,2009,10,0,919,166,0,0,1062,0,0,2147
National,X,2009,11,0,726,128,0,0,919,0,0,1773
National,X,2009,12,0,512,86,0,0,631,0,0,1229
National,X,2009,13,0,268,59,0,0,472,0,0,799
National,X,2009,14,0,199,68,0,0,276,0,0,543
National,X,2009,15,0,87,64,0,0,185,0,0,336
National,X,2009,16,31,97,83,0,0,113,0,0,324
National,X,2009,17,1681,871,1160,0,0,800,0,0,4512
National,X,2009,18,3011,628,1082,0,0,486,0,0,5207
National,X,2009,19,2308,205,395,0,0,134,0,0,3042
National,X,2009,20,3529,100,406,0,0,93,0,0,4128
National,X,2009,21,4039,44,390,0,0,42,0,0,4515
National,X,2009,22,4762,36,529,0,0,24,0,0,5351
National,X,2009,23,5335,37,340,0,0,15,0,0,5727
National,X,2009,24,5831,19,281,0,0,9,0,0,6140
National,X,2009,25,4267,12,99,0,0,6,0,0,4384
National,X,2009,26,3391,17,53,0,0,7,0,0,3468
National,X,2009,27,3369,1,55,0,0,7,0,0,3432
National,X,2009,28,2658,4,36,0,0,3,0,0,2701
National,X,2009,29,2317,5,19,0,0,3,0,0,2344
National,X,2009,30,2508,5,14,0,0,4,0,0,2531
National,X,2009,31,1969,14,9,0,0,2,0,0,1994
National,X,2009,32,1906,12,10,0,0,5,0,0,1933
National,X,2009,33,2402,11,23,0,0,1,0,0,2437
National,X,2009,34,2510,17,21,0,0,15,0,0,2563
National,X,2009,35,2865,16,17,0,0,1,0,0,2899
National,X,2009,36,3549,7,10,0,0,10,0,0,3576
National,X,2009,37,4256,7,2,0,0,4,0,0,4269
National,X,2009,38,4512,7,10,0,0,11,0,0,4540
National,X,2009,39,4902,11,6,0,0,12,0,0,4931
National,X,2009,40,8017,1,3,0,0,21,0,0,8042
National,X,2009,41,10879,2,0,0,0,18,0,0,10899
National,X,2009,42,12366,5,6,0,0,32,0,0,12409
National,X,2009,43,9977,1,3,0,0,17,0,0,9998
National,X,2009,44,7694,6,3,0,0,24,0,0,7727
National,X,2009,45,5997,2,3,0,0,14,0,0,6016
National,X,2009,46,3615,1,0,0,0,12,0,0,3628
National,X,2009,47,1927,1,4,0,0,5,0,0,1937
National,X,2009,48,1379,1,0,0,0,30,0,0,1410
National,X,2009,49,847,1,4,0,0,16,0,0,868
National,X,2009,50,659,0,4,0,0,13,0,0,676
National,X,2009,51,418,5,0,0,0,4,0,0,427
National,X,2009,52,458,0,1,0,0,9,0,0,468
National,X,2010,1,367,0,1,0,0,11,0,0,379
National,X,2010,2,400,2,4,0,0,11,0,0,417
National,X,2010,3,475,0,1,0,0,1,0,0,477
National,X,2010,4,415,0,4,0,0,9,0,0,428
National,X,2010,5,415,0,0,0,0,10,0,0,425
National,X,2010,6,359,1,0,0,0,9,0,0,369
National,X,2010,7,393,0,0,0,0,7,0,0,400
National,X,2010,8,434,0,1,0,0,3,0,0,438
National,X,2010,9,455,0,0,0,0,6,0,0,461
National,X,2010,10,483,0,0,0,0,13,0,0,496
National,X,2010,11,365,0,1,0,0,4,0,0,370
National,X,2010,12,238,0,1,0,0,11,0,0,250
National,X,2010,13,221,0,1,0,0,6,0,0,228
National,X,2010,14,128,0,1,0,0,1,0,0,130
National,X,2010,15,74,0,2,0,0,8,0,0,84
National,X,2010,16,31,0,3,0,0,13,0,0,47
National,X,2010,17,22,0,0,0,0,4,0,0,26
National,X,2010,18,21,0,1,0,0,3,0,0,25
National,X,2010,19,11,0,3,0,0,4,0,0,18
National,X,2010,20,11,0,1,0,0,3,0,0,15
National,X,2010,21,3,0,0,0,0,2,0,0,5
National,X,2010,22,3,0,1,0,0,2,0,0,6
National,X,2010,23,1,0,2,0,0,3,0,0,6
National,X,2010,24,1,0,5,0,0,3,0,0,9
National,X,2010,25,3,0,5,0,0,0,0,0,8
National,X,2010,26,1,0,2,0,0,1,0,0,4
National,X,2010,27,1,0,4,0,0,0,0,0,5
National,X,2010,28,2,0,7,0,0,2,0,0,11
National,X,2010,29,3,0,2,0,0,3,0,0,8
National,X,2010,30,1,0,17,0,0,5,0,0,23
National,X,2010,31,5,0,10,0,0,1,0,0,16
National,X,2010,32,8,0,11,0,0,10,0,0,29
National,X,2010,33,5,0,11,0,0,3,0,0,19
National,X,2010,34,12,0,22,0,0,6,0,0,40
National,X,2010,35,8,0,16,0,0,4,0,0,28
National,X,2010,36,12,0,20,0,0,4,0,0,36
National,X,2010,37,6,1,37,0,0,6,0,0,50
National,X,2010,38,0,0,39,0,0,9,0,0,48
National,X,2010,39,3,0,27,0,0,10,0,0,40
National,X,2010,40,15,0,39,0,0,23,0,0,77
National,X,2010,41,24,0,68,0,0,36,0,0,128
National,X,2010,42,17,0,77,0,0,45,0,0,139
National,X,2010,43,21,0,93,0,0,52,0,0,166
National,X,2010,44,23,0,118,0,0,106,0,0,247
National,X,2010,45,30,0,157,0,0,163,0,0,350
National,X,2010,46,39,0,211,0,0,237,0,0,487
National,X,2010,47,21,0,301,0,0,265,0,0,587
National,X,2010,48,56,0,281,0,0,260,0,0,597
National,X,2010,49,63,0,470,0,0,310,0,0,843
National,X,2010,50,119,0,789,0,0,542,0,0,1450
National,X,2010,51,169,0,1188,0,0,689,0,0,2046
National,X,2010,52,280,0,1444,0,0,648,0,0,2372
National,X,2011,1,473,0,1583,0,0,572,0,0,2628
National,X,2011,2,754,0,1645,0,0,585,0,0,2984
National,X,2011,3,1089,0,1880,0,0,741,0,0,3710
National,X,2011,4,1437,0,2038,0,0,972,0,0,4447
National,X,2011,5,1718,0,2067,0,0,1127,0,0,4912
National,X,2011,6,1794,0,2106,0,0,1177,0,0,5077
National,X,2011,7,2081,0,2281,0,0,1354,0,0,5716
National,X,2011,8,1680,0,1773,0,0,1204,0,0,4657
National,X,2011,9,1315,0,1374,0,0,884,0,0,3573
National,X,2011,10,942,0,1133,0,0,691,0,0,2766
National,X,2011,11,616,0,821,0,0,563,0,0,2000
National,X,2011,12,365,0,590,0,0,406,0,0,1361
National,X,2011,13,230,0,387,0,0,293,0,0,910
National,X,2011,14,113,0,269,0,0,254,0,0,636
National,X,2011,15,59,0,182,0,0,159,0,0,400
National,X,2011,16,40,0,79,0,0,86,0,0,205
National,X,2011,17,18,0,52,0,0,63,0,0,133
National,X,2011,18,14,0,30,0,0,25,0,0,69
National,X,2011,19,3,0,18,0,0,15,0,0,36
National,X,2011,20,4,0,9,0,0,13,0,0,26
National,X,2011,21,6,0,7,0,0,5,0,0,18
National,X,2011,22,7,0,0,0,0,6,0,0,13
National,X,2011,23,1,0,1,0,0,4,0,0,6
National,X,2011,24,6,0,3,0,0,0,0,0,9
National,X,2011,25,1,0,1,0,0,3,0,0,5
National,X,2011,26,3,0,0,0,0,1,0,0,4
National,X,2011,27,3,0,1,0,0,1,0,0,5
National,X,2011,28,0,0,5,0,0,4,0,0,9
National,X,2011,29,0,0,5,0,0,5,0,0,10
National,X,2011,30,0,0,3,0,0,1,0,0,4
National,X,2011,31,5,0,3,0,0,3,0,0,11
National,X,2011,32,3,0,8,0,0,2,0,0,13
National,X,2011,33,4,0,9,0,0,3,0,0,16
National,X,2011,34,0,0,11,0,0,6,0,0,17
National,X,2011,35,6,0,8,0,0,1,0,0,15
National,X,2011,36,3,0,8,0,0,2,0,0,13
National,X,2011,37,0,0,17,0,0,4,0,0,21
National,X,2011,38,0,0,13,0,0,8,0,0,21
National,X,2011,39,2,0,27,0,0,6,0,0,35
National,X,2011,40,4,0,20,0,0,9,0,0,33
National,X,2011,41,0,0,11,0,0,8,0,0,19
National,X,2011,42,3,0,17,0,0,8,0,0,28
National,X,2011,43,0,0,32,0,0,12,0,0,44
National,X,2011,44,2,0,28,0,0,9,0,0,39
National,X,2011,45,4,0,30,0,0,15,0,0,49
National,X,2011,46,0,0,32,0,0,12,0,0,44
National,X,2011,47,6,0,50,0,0,19,0,0,75
National,X,2011,48,3,0,52,0,0,17,0,0,72
National,X,2011,49,10,0,78,0,0,20,0,0,108
National,X,2011,50,6,0,107,0,0,20,0,0,133
National,X,2011,51,11,0,162,0,0,24,0,0,197
National,X,2011,52,6,0,158,0,0,18,0,0,182
National,X,2012,1,22,0,139,0,0,22,0,0,183
National,X,2012,2,39,0,181,0,0,15,0,0,235
National,X,2012,3,62,0,240,0,0,18,0,0,320
National,X,2012,4,109,0,332,0,0,32,0,0,473
National,X,2012,5,165,0,472,0,0,43,0,0,680
National,X,2012,6,215,0,538,0,0,56,0,0,809
National,X,2012,7,318,0,694,0,0,71,0,0,1083
National,X,2012,8,432,0,933,0,0,78,0,0,1443
National,X,2012,9,631,0,1278,0,0,112,0,0,2021
National,X,2012,10,687,0,1574,0,0,123,0,0,2384
National,X,2012,11,754,0,1757,0,0,199,0,0,2710
National,X,2012,12,569,0,1389,0,0,237,0,0,2195
National,X,2012,13,411,0,951,0,0,244,0,0,1606
National,X,2012,14,358,0,845,0,0,275,0,0,1478
National,X,2012,15,239,0,752,0,0,298,0,0,1289
National,X,2012,16,155,0,705,0,0,314,0,0,1174
National,X,2012,17,100,0,486,0,0,274,0,0,860
National,X,2012,18,71,0,400,0,0,252,0,0,723
National,X,2012,19,44,0,306,0,0,266,0,0,616
National,X,2012,20,32,0,222,0,0,254,0,0,508
National,X,2012,21,20,0,136,0,0,260,0,0,416
National,X,2012,22,5,0,132,0,0,228,0,0,365
National,X,2012,23,13,0,83,0,0,197,0,0,293
National,X,2012,24,4,0,106,0,0,179,0,0,289
National,X,2012,25,4,0,64,0,0,103,0,0,171
National,X,2012,26,0,0,39,0,0,113,0,0,152
National,X,2012,27,2,0,32,0,0,59,0,0,93
National,X,2012,28,6,0,46,1,0,41,0,0,94
National,X,2012,29,0,0,29,0,0,48,0,0,77
National,X,2012,30,2,0,60,11,0,32,0,0,105
National,X,2012,31,1,0,69,102,0,33,0,0,205
National,X,2012,32,1,0,68,79,0,25,0,0,173
National,X,2012,33,7,0,76,58,0,27,0,0,168
National,X,2012,34,8,0,63,19,0,23,0,0,113
National,X,2012,35,1,0,48,16,0,19,0,0,84
National,X,2012,36,1,0,49,7,0,32,0,0,89
National,X,2012,37,0,0,26,3,0,44,0,0,73
National,X,2012,38,7,0,59,0,0,42,0,0,108
National,X,2012,39,10,0,57,0,0,64,0,0,131
National,X,2012,40,10,0,83,0,0,78,0,0,171
National,X,2012,41,9,0,89,0,0,95,0,0,193
National,X,2012,42,5,0,178,0,0,122,0,0,305
National,X,2012,43,4,0,203,0,0,141,0,0,348
National,X,2012,44,6,0,265,0,0,154,0,0,425
National,X,2012,45,7,0,391,0,0,231,0,0,629
National,X,2012,46,12,0,616,3,0,267,0,0,898
National,X,2012,47,12,0,993,0,0,364,0,0,1369
National,X,2012,48,29,0,1557,0,0,503,0,0,2089
National,X,2012,49,60,0,2769,0,0,693,0,0,3522
National,X,2012,50,77,0,3864,0,0,856,0,0,4797
National,X,2012,51,76,0,5101,0,0,1154,0,0,6331
National,X,2012,52,128,0,5543,0,0,1199,0,0,6870
National,X,2013,1,144,0,5654,0,0,1146,0,0,6944
National,X,2013,2,191,0,6174,0,0,1237,0,0,7602
National,X,2013,3,199,0,5052,0,0,1142,0,0,6393
National,X,2013,4,235,0,4097,0,0,1189,0,0,5521
National,X,2013,5,215,0,2931,0,0,1158,0,0,4304
National,X,2013,6,192,0,1914,0,0,1188,0,0,3294
National,X,2013,7,123,0,1333,0,0,1194,0,0,2650
National,X,2013,8,125,0,925,0,0,1225,0,0,2275
National,X,2013,9,99,0,687,0,0,1181,0,0,1967
National,X,2013,10,108,0,509,0,0,1204,0,0,1821
National,X,2013,11,87,0,375,0,0,1155,0,0,1617
National,X,2013,12,60,0,299,0,0,1017,0,0,1376
National,X,2013,13,65,0,198,0,0,853,0,0,1116
National,X,2013,14,51,0,207,0,0,687,0,0,945
National,X,2013,15,75,0,107,0,0,489,0,0,671
National,X,2013,16,43,0,113,0,0,332,0,0,488
National,X,2013,17,51,0,91,0,0,249,0,0,391
National,X,2013,18,25,0,77,0,0,222,0,0,324
National,X,2013,19,20,0,56,0,0,166,0,0,242
National,X,2013,20,18,0,39,0,0,126,0,0,183
National,X,2013,21,23,0,33,0,0,123,0,0,179
National,X,2013,22,28,0,28,0,0,95,0,0,151
National,X,2013,23,29,0,27,0,0,82,0,0,138
National,X,2013,24,41,0,24,0,0,63,0,0,128
National,X,2013,25,50,0,21,3,0,55,0,0,129
National,X,2013,26,52,0,8,9,0,28,0,0,97
National,X,2013,27,29,0,23,7,0,25,0,0,84
National,X,2013,28,37,0,49,0,0,14,0,0,100
National,X,2013,29,36,0,22,2,0,14,0,0,74
National,X,2013,30,36,0,20,2,0,10,0,0,68
National,X,2013,31,41,0,25,3,0,20,0,0,89
National,X,2013,32,47,0,19,0,0,12,0,0,78
National,X,2013,33,44,0,8,0,0,12,0,0,64
National,X,2013,34,40,0,14,3,0,3,0,0,60
National,X,2013,35,101,0,10,2,0,10,0,0,123
National,X,2013,36,82,0,20,0,0,13,0,0,115
National,X,2013,37,101,0,14,0,0,7,0,0,122
National,X,2013,38,84,0,18,0,0,22,0,0,124
National,X,2013,39,140,0,28,0,0,20,0,0,188
National,X,2013,40,138,0,26,2,0,28,0,0,194
National,X,2013,41,139,0,58,0,0,32,0,0,229
National,X,2013,42,120,0,39,0,0,26,0,0,185
National,X,2013,43,151,0,43,0,0,14,0,0,208
National,X,2013,44,193,0,57,0,0,43,0,0,293
National,X,2013,45,301,0,56,0,0,43,0,0,400
National,X,2013,46,447,0,34,0,0,37,0,0,518
National,X,2013,47,628,0,32,0,0,57,0,0,717
National,X,2013,48,809,0,47,0,0,42,0,0,898
National,X,2013,49,1597,0,53,0,0,69,0,0,1719
National,X,2013,50,2112,0,89,0,0,52,0,0,2253
National,X,2013,51,3801,0,87,0,0,67,0,0,3955
National,X,2013,52,4726,0,74,0,0,93,0,0,4893
National,X,2014,1,4979,0,120,0,0,88,0,0,5187
National,X,2014,2,4822,0,144,0,0,91,0,0,5057
National,X,2014,3,4380,0,169,0,0,131,0,0,4680
National,X,2014,4,3635,0,182,0,0,185,0,0,4002
National,X,2014,5,2685,0,130,0,0,175,0,0,2990
National,X,2014,6,2085,0,173,0,0,219,0,0,2477
National,X,2014,7,1582,0,142,0,0,227,0,0,1951
National,X,2014,8,1143,0,127,0,0,248,0,0,1518
National,X,2014,9,803,0,141,0,0,274,0,0,1218
National,X,2014,10,579,0,143,0,0,301,0,0,1023
National,X,2014,11,468,0,184,0,0,334,0,0,986
National,X,2014,12,319,0,247,0,0,464,0,0,1030
National,X,2014,13,242,0,286,0,0,525,0,0,1053
National,X,2014,14,164,0,334,0,0,595,0,0,1093
National,X,2014,15,88,0,362,0,0,624,0,0,1074
National,X,2014,16,55,0,341,0,0,516,0,0,912
National,X,2014,17,55,0,300,0,0,469,0,0,824
National,X,2014,18,23,0,272,0,0,447,0,0,742
National,X,2014,19,16,0,227,0,0,354,0,0,597
National,X,2014,20,14,0,215,0,0,322,0,0,551
National,X,2014,21,6,0,165,0,0,236,0,0,407
National,X,2014,22,5,0,193,0,0,225,0,0,423
National,X,2014,23,5,0,146,0,0,160,0,0,311
National,X,2014,24,4,0,150,0,0,140,0,0,294
National,X,2014,25,5,0,110,0,0,113,0,0,228
National,X,2014,26,2,0,72,0,0,100,0,0,174
National,X,2014,27,3,0,72,0,0,83,0,0,158
National,X,2014,28,4,0,83,0,0,66,0,0,153
National,X,2014,29,0,0,60,0,0,61,0,0,121
National,X,2014,30,3,0,64,0,0,50,0,0,117
National,X,2014,31,3,0,77,0,0,27,0,0,107
National,X,2014,32,7,0,57,1,0,23,0,0,88
National,X,2014,33,1,0,75,0,0,36,0,0,112
National,X,2014,34,4,0,63,1,0,42,0,0,110
National,X,2014,35,8,0,86,0,0,42,0,0,136
National,X,2014,36,11,0,72,0,0,34,0,0,117
National,X,2014,37,1,0,99,0,0,31,0,0,131
National,X,2014,38,8,0,110,0,0,53,0,0,171
National,X,2014,39,2,0,137,0,0,65,0,0,204
National,X,2014,40,4,0,195,0,0,110,0,0,309
National,X,2014,41,11,0,268,0,0,160,0,0,439
National,X,2014,42,12,0,406,2,0,164,0,0,584
National,X,2014,43,10,0,407,0,0,127,0,0,544
National,X,2014,44,8,0,583,0,0,136,0,0,727
National,X,2014,45,12,0,989,0,0,155,0,0,1156
National,X,2014,46,16,0,1254,0,0,147,0,0,1417
National,X,2014,47,11,0,2229,0,0,163,0,0,2403
National,X,2014,48,18,0,3406,0,0,200,0,0,3624
National,X,2014,49,25,0,5056,0,0,249,0,0,5330
National,X,2014,50,12,0,7864,0,0,315,0,0,8191
National,X,2014,51,9,0,11136,0,0,325,0,0,11470
National,X,2014,52,24,0,13382,0,0,392,0,0,13798
National,X,2014,53,21,0,10944,0,0,409,0,0,11374
National,X,2015,1,20,0,8854,0,0,372,0,0,9246
National,X,2015,2,16,0,8159,0,0,473,0,0,8648
National,X,2015,3,8,0,7427,0,0,548,0,0,7983
National,X,2015,4,20,0,6255,0,0,606,0,0,6881
National,X,2015,5,18,0,4881,0,0,723,0,0,5622
National,X,2015,6,13,0,3315,0,0,869,0,0,4197
National,X,2015,7,19,0,2341,0,0,1010,0,0,3370
National,X,2015,8,32,0,1680,0,0,1127,0,0,2839
National,X,2015,9,9,0,1328,0,0,1352,0,0,2689
National,X,2015,10,15,0,856,0,0,1656,0,0,2527
National,X,2015,11,4,0,640,0,0,1565,0,0,2209
National,X,2015,12,13,0,418,0,0,1479,0,0,1910
National,X,2015,13,7,0,284,0,0,1377,0,0,1668
National,X,2015,14,17,0,185,0,0,1272,0,0,1474
National,X,2015,15,26,0,132,0,0,969,0,0,1127
National,X,2015,16,4,0,86,0,0,683,0,0,773
National,X,2015,17,9,0,57,0,0,544,0,0,610
National,X,2015,18,5,0,28,0,0,494,0,0,527
National,X,2015,19,5,0,39,0,0,340,0,0,384
National,X,2015,20,2,0,39,0,0,267,0,0,308
National,X,2015,21,2,0,40,0,0,184,0,0,226
National,X,2015,22,0,0,42,0,0,152,0,0,194
National,X,2015,23,2,0,47,0,0,129,0,0,178
National,X,2015,24,3,0,71,0,0,78,0,0,152
National,X,2015,25,0,0,75,0,0,46,0,0,121
National,X,2015,26,3,0,93,0,0,33,0,0,129
National,X,2015,27,6,0,56,1,0,36,0,0,99
National,X,2015,28,4,0,45,0,0,37,0,0,86
National,X,2015,29,3,0,49,0,0,21,0,0,73
National,X,2015,30,0,0,64,0,0,9,0,0,73
National,X,2015,31,6,0,69,0,0,18,0,0,93
National,X,2015,32,5,0,62,0,0,14,0,0,81
National,X,2015,33,3,0,79,0,0,16,0,0,98
National,X,2015,34,5,0,75,0,0,20,0,0,100
National,X,2015,35,5,0,105,0,0,29,0,0,139
National,X,2015,36,1,0,109,0,0,38,0,0,148
National,X,2015,37,6,0,145,0,0,47,0,0,198
National,X,2015,38,2,0,119,0,0,46,0,0,167
National,X,2015,39,12,0,131,0,0,59,0,0,202
National,X,2015,40,4,0,67,0,0,0,0,11,82
National,X,2015,41,5,0,43,0,0,0,10,0,58
National,X,2015,42,10,0,51,0,0,0,8,5,74
National,X,2015,43,10,0,34,0,0,0,3,11,58
National,X,2015,44,5,0,26,0,0,0,3,11,45
National,X,2015,45,11,0,35,0,0,0,11,5,62
National,X,2015,46,17,0,43,0,0,0,0,8,68
National,X,2015,47,17,0,24,0,0,0,4,12,57
National,X,2015,48,28,0,38,0,0,0,5,19,90
National,X,2015,49,40,0,38,0,0,0,4,20,102
National,X,2015,50,69,0,39,0,0,0,6,27,141
National,X,2015,51,90,0,33,0,0,0,4,39,166
National,X,2015,52,147,0,56,0,0,0,12,45,260
National,X,2016,1,234,0,68,0,0,0,15,63,380
National,X,2016,2,260,0,90,0,0,0,36,94,480
National,X,2016,3,371,0,103,0,0,0,35,118,627
National,X,2016,4,538,0,163,0,0,0,49,180,930
National,X,2016,5,682,0,174,0,0,0,92,211,1159
National,X,2016,6,904,0,240,0,0,0,112,326,1582
National,X,2016,7,1356,0,259,0,0,0,148,443,2206
National,X,2016,8,1697,0,235,0,0,0,218,536,2686
National,X,2016,9,1913,0,318,0,0,0,205,496,2932
National,X,2016,10,2214,0,319,0,0,0,243,498,3274
National,X,2016,11,1535,0,216,0,0,0,220,397,2368
National,X,2016,12,1074,0,201,0,0,0,184,325,1784
National,X,2016,13,834,0,186,0,0,0,205,341,1566
National,X,2016,14,560,0,142,0,0,0,174,268,1144
National,X,2016,15,395,0,121,0,0,0,140,258,914
National,X,2016,16,287,0,132,0,0,0,141,266,826
National,X,2016,17,170,0,100,0,0,0,115,176,561
National,X,2016,18,78,0,60,0,0,0,84,131,353
National,X,2016,19,54,0,63,0,0,0,54,106,277
National,X,2016,20,36,0,80,0,0,0,24,84,224
National,X,2016,21,17,0,45,0,0,0,34,50,146
National,X,2016,22,4,0,14,0,0,0,21,52,91
National,X,2016,23,5,0,16,0,0,0,10,27,58
National,X,2016,24,7,0,18,0,0,0,8,14,47
National,X,2016,25,5,0,22,0,0,0,13,17,57
National,X,2016,26,3,0,21,0,0,0,8,11,43
National,X,2016,27,2,0,18,0,0,0,7,12,39
National,X,2016,28,1,0,22,0,0,0,2,14,39
National,X,2016,29,2,0,19,0,0,0,0,14,35
National,X,2016,30,2,0,38,1,0,0,2,12,55
National,X,2016,31,1,0,47,3,0,0,1,4,56
National,X,2016,32,6,0,28,10,0,0,3,13,60
National,X,2016,33,1,0,29,4,0,0,1,10,45
National,X,2016,34,5,0,28,0,0,0,2,8,43
National,X,2016,35,7,0,33,0,0,0,7,4,51
National,X,2016,36,3,0,45,0,0,0,2,8,58
National,X,2016,37,8,0,57,0,0,0,8,12,85
National,X,2016,38,6,0,77,0,0,0,6,10,99
National,X,2016,39,5,0,74,0,0,0,16,0,95
National,X,2016,40,9,0,87,0,0,0,6,4,106
National,X,2016,41,11,0,81,0,0,0,9,7,108
National,X,2016,42,12,0,136,0,0,0,8,11,167
National,X,2016,43,13,0,131,0,0,0,6,6,156
National,X,2016,44,12,0,125,0,0,0,12,8,157
National,X,2016,45,5,0,156,0,0,0,10,2,173
National,X,2016,46,9,0,191,0,0,0,18,3,221
National,X,2016,47,5,0,178,0,0,0,10,7,200
National,X,2016,48,13,0,329,0,0,0,31,9,382
National,X,2016,49,14,0,482,0,0,0,22,8,526
National,X,2016,50,18,0,759,0,0,0,37,24,838
National,X,2016,51,29,0,1027,0,0,0,47,35,1138
National,X,2016,52,33,0,1706,0,0,0,67,42,1848
National,X,2017,1,53,0,2080,0,0,0,55,71,2259
National,X,2017,2,50,0,2239,0,0,0,59,91,2439
National,X,2017,3,58,0,2276,0,0,0,79,120,2533
National,X,2017,4,48,0,2459,0,0,0,82,142,2731
National,X,2017,5,52,0,2625,0,0,0,113,215,3005
National,X,2017,6,72,0,2997,0,0,0,142,271,3482
National,X,2017,7,68,0,2634,0,0,0,187,369,3258
National,X,2017,8,87,0,2376,0,0,0,186,419,3068
National,X,2017,9,54,0,1505,0,0,0,179,430,2168
National,X,2017,10,51,0,1270,0,0,0,166,468,1955
National,X,2017,11,28,0,920,0,0,0,171,534,1653
National,X,2017,12,31,0,847,0,0,0,226,614,1718
National,X,2017,13,27,0,658,0,0,0,186,751,1622
National,X,2017,14,17,0,378,0,0,0,144,556,1095
National,X,2017,15,5,0,222,0,0,0,78,452,757
National,X,2017,16,11,0,146,0,0,0,68,317,542
National,X,2017,17,7,0,135,0,0,0,62,219,423
National,X,2017,18,5,0,85,0,0,0,39,164,293
National,X,2017,19,3,0,99,0,0,0,47,144,293
National,X,2017,20,5,0,64,0,0,0,40,140,249
National,X,2017,21,6,0,41,0,0,0,32,97,176
National,X,2017,22,1,0,39,0,0,0,59,69,168
National,X,2017,23,5,0,33,0,0,0,27,77,142
National,X,2017,24,8,0,44,0,0,0,13,52,117
National,X,2017,25,5,0,40,0,0,0,13,37,95
National,X,2017,26,5,0,40,0,0,0,5,27,77
National,X,2017,27,10,0,29,0,0,0,9,9,57
National,X,2017,28,4,0,31,2,0,0,9,16,62
National,X,2017,29,8,0,26,9,0,0,0,16,59
National,X,2017,30,8,0,34,0,0,0,1,24,67
National,X,2017,31,8,0,41,5,0,0,0,11,65
National,X,2017,32,6,0,43,1,0,0,0,27,77
National,X,2017,33,5,0,35,0,0,0,0,10,50
National,X,2017,34,6,0,56,0,0,0,2,18,82
National,X,2017,35,18,0,65,0,0,0,2,5,90
National,X,2017,36,12,0,107,0,0,0,0,16,135
National,X,2017,37,8,0,109,0,0,0,3,30,150
National,X,2017,38,2,0,104,17,0,0,2,27,152
National,X,2017,39,10,0,120,24,0,0,0,13,167
National,X,2017,40,13,0,126,1,0,0,0,21,161
National,X,2017,41,15,0,150,0,0,0,5,18,188
National,X,2017,42,14,0,173,0,0,0,1,13,201
National,X,2017,43,29,0,201,0,0,0,2,33,265
National,X,2017,44,25,0,263,0,0,0,4,52,344
National,X,2017,45,29,0,316,0,0,0,5,44,394
National,X,2017,46,56,0,407,0,0,0,7,88,558
National,X,2017,47,41,0,492,0,0,0,6,69,608
National,X,2017,48,62,0,797,1,0,0,9,127,996
National,X,2017,49,72,0,1059,0,0,0,20,130,1281
National,X,2017,50,138,0,1525,0,0,0,43,206,1912
National,X,2017,51,242,0,2508,0,0,0,49,326,3125
National,X,2017,52,281,0,3011,0,0,0,44,463,3799
National,X,2018,1,323,0,3331,0,0,0,60,613,4327
National,X,2018,2,400,0,3399,0,0,0,54,685,4538
National,X,2018,3,412,0,2771,0,0,0,62,710,3955
National,X,2018,4,546,0,2781,0,0,0,75,932,4334
National,X,2018,5,549,0,2528,0,0,0,122,1079,4278
National,X,2018,6,551,0,2065,0,0,0,149,1224,3989
National,X,2018,7,501,0,1529,0,0,0,143,1154,3327
National,X,2018,8,310,0,1088,0,0,0,144,1108,2650
National,X,2018,9,250,0,596,0,0,0,111,880,1837
National,X,2018,10,150,0,430,0,0,0,109,797,1486
National,X,2018,11,198,0,292,0,0,0,90,696,1276
National,X,2018,12,123,0,241,0,0,0,65,583,1012
National,X,2018,13,135,0,225,0,0,0,75,549,984
National,X,2018,14,123,0,167,0,0,0,62,469,821
National,X,2018,15,102,0,103,0,0,0,46,345,596
National,X,2018,16,51,0,86,0,0,0,51,248,436
National,X,2018,17,57,0,53,0,0,0,37,182,329
National,X,2018,18,41,0,32,0,0,0,16,158,247
National,X,2018,19,16,0,20,0,0,0,7,75,118
National,X,2018,20,16,0,10,0,0,0,8,35,69
National,X,2018,21,18,0,6,0,0,0,5,27,56
National,X,2018,22,8,0,5,0,0,0,2,13,28
National,X,2018,23,7,0,3,0,0,0,4,11,25
National,X,2018,24,6,0,3,0,0,0,4,9,22
National,X,2018,25,1,0,3,1,0,0,3,6,14
National,X,2018,26,2,0,6,0,0,0,0,1,9
National,X,2018,27,9,0,5,0,0,0,0,7,21
National,X,2018,28,8,0,9,0,0,0,2,4,23
National,X,2018,29,15,0,5,0,0,0,3,6,29
National,X,2018,30,12,0,4,0,0,0,2,0,18
National,X,2018,31,8,0,12,0,0,0,0,1,21
National,X,2018,32,8,0,11,0,0,0,0,3,22
National,X,2018,33,7,0,13,0,0,0,0,3,23
National,X,2018,34,20,0,23,0,0,0,0,2,45
National,X,2018,35,10,0,6,0,0,0,0,2,18
National,X,2018,36,17,0,17,0,0,0,0,2,36
National,X,2018,37,29,0,14,0,0,0,1,5,49
National,X,2018,38,23,0,18,0,0,0,2,3,46
National,X,2018,39,20,0,13,0,0,0,0,3,36
National,X,2018,40,35,0,13,0,0,0,7,11,66
National,X,2018,41,59,0,12,0,0,0,5,8,84
National,X,2018,42,61,0,26,0,0,0,2,15,104
National,X,2018,43,78,0,36,0,0,0,0,16,130
National,X,2018,44,86,0,24,0,0,0,1,9,120
National,X,2018,45,129,0,30,0,0,0,6,10,175
National,X,2018,46,157,0,44,0,0,0,2,3,206
National,X,2018,47,223,0,56,0,0,0,2,6,287
National,X,2018,48,336,0,66,0,0,0,2,11,415
National,X,2018,49,372,0,93,0,0,0,5,12,482
National,X,2018,50,691,0,170,0,0,0,9,7,877
National,X,2018,51,1180,0,262,0,0,0,26,11,1479
National,X,2018,52,1336,0,294,0,0,0,24,11,1665
National,X,2019,1,1311,0,338,0,0,0,10,21,1680
National,X,2019,2,1516,0,247,0,0,0,6,30,1799
National,X,2019,3,1571,0,391,0,0,0,22,20,2004
National,X,2019,4,1637,0,542,0,0,0,32,15,2226
National,X,2019,5,1728,0,831,0,0,0,31,23,2613
National,X,2019,6,1925,0,1231,0,0,0,29,18,3203
National,X,2019,7,1739,0,1332,0,0,0,43,27,3141
National,X,2019,8,1520,0,1541,0,0,0,68,29,3158
National,X,2019,9,1413,0,1830,0,0,0,63,19,3325
National,X,2019,10,1321,0,1870,0,0,0,77,49,3317
National,X,2019,11,1069,0,1856,0,0,0,89,49,3063
National,X,2019,12,754,0,1420,0,0,0,104,40,2318
National,X,2019,13,481,0,1131,0,0,0,142,54,1808
National,X,2019,14,342,0,902,0,0,0,145,41,1430
National,X,2019,15,219,0,667,0,0,0,118,37,1041
National,X,2019,16,132,0,359,0,0,0,68,26,585
National,X,2019,17,89,0,221,0,0,0,88,32,430
National,X,2019,18,67,0,162,0,0,0,50,14,293
National,X,2019,19,50,0,103,0,0,0,59,13,225
National,X,2019,20,44,0,84,0,0,0,49,9,186
National,X,2019,21,30,0,70,0,0,0,30,3,133
National,X,2019,22,24,0,58,0,0,0,39,17,138
National,X,2019,23,26,0,57,0,0,0,50,2,135
National,X,2019,24,23,0,62,0,0,0,24,3,112
National,X,2019,25,20,0,53,0,0,0,22,0,95
National,X,2019,26,22,0,49,0,0,0,15,4,90
National,X,2019,27,30,0,43,0,0,0,16,1,90
National,X,2019,28,10,0,43,0,0,0,11,1,65
National,X,2019,29,13,0,58,0,0,0,11,0,82
National,X,2019,30,20,0,30,0,0,0,14,0,64
National,X,2019,31,15,0,31,0,0,0,11,2,59
National,X,2019,32,7,0,33,0,0,0,17,0,57
National,X,2019,33,21,0,36,0,0,0,38,0,95
National,X,2019,34,19,0,39,0,0,0,34,0,92
National,X,2019,35,15,0,37,0,0,0,35,0,87
National,X,2019,36,18,0,61,0,0,0,30,1,110
National,X,2019,37,14,0,81,0,0,0,46,2,143
National,X,2019,38,30,0,66,0,0,0,51,0,147
National,X,2019,39,22,0,74,0,0,0,56,0,152
National,X,2019,40,31,0,72,0,0,0,63,1,167
National,X,2019,41,40,0,79,0,0,0,77,2,198
National,X,2019,42,43,0,99,0,0,0,90,3,235
National,X,2019,43,72,0,107,0,0,0,115,6,300
National,X,2019,44,90,0,106,0,0,0,157,7,360
National,X,2019,45,250,0,151,0,0,0,305,13,719
National,X,2019,46,254,0,99,0,0,0,416,13,782
National,X,2019,47,391,0,118,0,0,0,592,14,1115
National,X,2019,48,444,0,100,0,0,0,638,13,1195
National,X,2019,49,587,0,95,0,0,0,848,18,1548
National,X,2019,50,656,0,83,0,0,0,1112,21,1872
National,X,2019,51,964,0,55,0,0,0,1382,20,2421
National,X,2019,52,1235,0,90,0,0,0,1668,30,3023
National,X,2020,1,1304,0,104,0,0,0,1461,26,2895
National,X,2020,2,1370,0,88,0,0,0,1364,24,2846
National,X,2020,3,1652,0,75,0,0,0,1494,14,3235
National,X,2020,4,1804,0,81,0,0,0,1391,10,3286
National,X,2020,5,2414,0,94,0,0,0,1380,10,3898
National,X,2020,6,2417,0,93,0,0,0,1161,7,3678
National,X,2020,7,2177,0,69,0,0,0,1020,14,3280
National,X,2020,8,1866,0,81,0,0,0,730,12,2689
National,X,2020,9,1715,0,65,0,0,0,593,10,2383
National,X,2020,10,1674,0,76,0,0,0,481,11,2242
National,X,2020,11,1187,0,77,0,0,0,289,4,1557
National,X,2020,12,466,0,31,0,0,0,126,2,625
National,X,2020,13,107,0,8,0,0,0,51,5,171
National,X,2020,14,41,0,1,0,0,0,12,0,54
National,X,2020,15,31,0,0,0,0,0,4,0,35
National,X,2020,16,19,0,0,0,0,0,5,0,24
National,X,2020,17,26,0,0,0,0,0,4,0,30
National,X,2020,18,24,0,0,0,0,0,3,0,27
National,X,2020,19,26,0,1,0,0,0,2,0,29
National,X,2020,20,24,0,0,0,0,0,3,0,27
National,X,2020,21,1,0,0,0,0,0,0,0,1
National,X,2020,22,3,0,0,0,0,0,1,0,4
National,X,2020,23,0,0,0,0,0,0,2,0,2
National,X,2020,24,2,0,0,0,0,0,4,0,6
National,X,2020,25,0,0,0,0,0,0,0,0,0
National,X,2020,26,3,0,0,0,0,0,0,0,3
National,X,2020,27,0,0,0,1,0,0,0,0,1
National,X,2020,28,1,0,0,0,0,0,1,0,2
National,X,2020,29,0,0,0,0,0,0,0,0,0
National,X,2020,30,2,0,0,0,0,0,0,0,2
National,X,2020,31,0,0,0,0,0,0,0,0,0
National,X,2020,32,0,0,0,0,0,0,0,0,0
National,X,2020,33,0,0,0,0,0,0,1,0,1
National,X,2020,34,0,0,0,0,0,0,0,0,0
National,X,2020,35,0,0,0,0,0,0,0,0,0
National,X,2020,36,2,0,0,0,0,0,1,0,3
National,X,2020,37,0,0,1,0,0,0,0,0,1
National,X,2020,38,1,0,0,0,0,0,0,0,1
National,X,2020,39,1,0,0,0,0,0,0,0,1
National,X,2020,40,1,0,2,0,0,0,1,1,5
National,X,2020,41,5,0,3,0,0,0,6,0,14
National,X,2020,42,0,0,5,0,0,0,4,1,10
National,X,2020,43,6,0,7,0,0,0,3,1,17
National,X,2020,44,0,0,8,0,0,0,5,11,24
National,X,2020,45,0,0,7,0,0,0,6,3,16
National,X,2020,46,6,0,7,0,0,0,0,6,19
National,X,2020,47,0,0,3,0,0,0,0,4,7
National,X,2020,48,8,0,0,0,0,0,3,0,11
National,X,2020,49,1,0,4,0,0,0,4,5,14
National,X,2020,50,7,0,7,0,0,0,3,0,17
National,X,2020,51,1,0,4,0,0,0,3,1,9
National,X,2020,52,0,0,2,0,0,0,1,1,4
National,X,2020,53,3,0,6,0,0,0,2,1,12
National,X,2021,1,0,0,8,0,0,0,4,0,12
National,X,2021,2,0,0,3,3,0,0,4,0,10
National,X,2021,3,0,0,3,0,0,0,1,0,4
National,X,2021,4,3,0,0,0,0,0,1,0,4
National,X,2021,5,1,0,3,0,0,0,2,1,7
National,X,2021,6,0,0,2,0,0,0,2,0,4
National,X,2021,7,1,0,2,0,0,0,0,2,5
National,X,2021,8,1,0,2,0,0,0,4,1,8
National,X,2021,9,0,0,2,0,0,0,0,0,2
National,X,2021,10,2,0,0,0,0,0,2,0,4
National,X,2021,11,0,0,5,0,0,0,1,1,7
National,X,2021,12,0,0,1,0,0,0,0,0,1
National,X,2021,13,1,0,4,0,0,0,1,0,6
National,X,2021,14,1,0,0,0,0,0,0,0,1
National,X,2021,15,2,0,3,0,0,0,1,1,7
National,X,2021,16,0,0,0,0,0,0,1,0,1
National,X,2021,17,0,0,1,0,0,0,0,0,1
National,X,2021,18,0,0,0,0,0,0,1,0,1
National,X,2021,19,0,0,0,0,0,0,0,0,0
National,X,2021,20,0,0,1,0,0,0,5,0,6
National,X,2021,21,0,0,0,0,0,0,0,0,0
National,X,2021,22,3,0,0,0,0,0,1,0,4
National,X,2021,23,0,0,2,0,0,0,0,0,2
National,X,2021,24,0,0,1,0,0,0,0,0,1
National,X,2021,25,1,0,0,0,0,0,1,0,2
National,X,2021,26,0,0,1,0,0,0,0,0,1
National,X,2021,27,2,0,2,0,0,0,1,0,5
National,X,2021,28,0,0,6,0,0,0,2,0,8
National,X,2021,29,0,0,2,0,0,0,0,0,2
National,X,2021,30,1,0,2,0,0,0,0,0,3
National,X,2021,31,0,0,5,0,0,0,0,0,5
National,X,2021,32,0,0,2,2,0,0,0,0,4
National,X,2021,33,0,0,5,0,0,0,1,0,6
National,X,2021,34,6,0,0,0,0,0,2,1,9
National,X,2021,35,3,0,0,0,0,0,2,0,5
National,X,2021,36,1,0,5,0,0,0,1,0,7
National,X,2021,37,1,0,9,0,0,0,4,0,14
National,X,2021,38,4,0,27,0,0,0,0,0,31
National,X,2021,39,0,0,40,0,0,0,1,2,43
National,X,2021,40,1,0,91,0,0,0,7,0,99
National,X,2021,41,0,0,95,1,0,0,10,0,106
National,X,2021,42,0,0,55,0,0,0,7,0,62
National,X,2021,43,0,0,57,0,0,0,11,0,68
National,X,2021,44,0,0,194,0,0,0,5,0,199
National,X,2021,45,0,0,261,0,0,0,4,0,265
National,X,2021,46,2,0,529,0,0,0,8,2,541
National,X,2021,47,1,0,586,0,0,0,6,0,593
National,X,2021,48,1,0,972,0,0,0,7,0,980
National,X,2021,49,0,0,1193,0,0,0,3,0,1196
National,X,2021,50,0,0,1413,0,0,0,4,0,1417
National,X,2021,51,0,0,1309,0,0,0,3,0,1312
National,X,2021,52,0,0,1522,0,0,0,6,0,1528
National,X,2022,1,0,0,1158,0,0,0,8,0,1166
National,X,2022,2,0,0,1028,0,0,0,2,0,1030
National,X,2022,3,0,0,731,0,0,0,1,0,732
National,X,2022,4,0,0,592,0,0,0,7,0,599
National,X,2022,5,0,0,508,0,0,0,4,0,512
National,X,2022,6,0,0,635,0,0,0,2,0,637
National,X,2022,7,1,0,570,0,0,0,2,0,573
National,X,2022,8,0,0,499,0,0,0,2,0,501
National,X,2022,9,1,0,611,0,0,0,3,0,615
National,X,2022,10,0,0,598,0,0,0,1,0,599
National,X,2022,11,4,0,604,0,0,0,0,0,608
National,X,2022,12,0,0,701,0,0,0,1,0,702
National,X,2022,13,0,0,780,0,0,0,2,0,782
National,X,2022,14,0,0,711,0,0,0,2,0,713
National,X,2022,15,0,0,808,0,0,0,4,0,812
National,X,2022,16,4,0,827,0,0,0,3,0,834
National,X,2022,17,3,0,795,0,0,0,1,0,799
National,X,2022,18,3,0,833,0,0,0,1,0,837
National,X,2022,19,1,0,817,0,0,0,3,0,821
National,X,2022,20,5,0,771,0,0,0,1,0,777
National,X,2022,21,1,0,626,0,0,0,1,0,628
National,X,2022,22,1,0,573,0,0,0,1,0,575
National,X,2022,23,0,0,424,0,0,0,2,0,426
National,X,2022,24,0,0,353,0,0,0,3,0,356
National,X,2022,25,0,0,197,0,0,0,1,0,198
National,X,2022,26,1,0,101,0,0,0,1,0,103
National,X,2022,27,0,0,97,0,0,0,1,0,98
National,X,2022,28,0,0,126,0,0,0,1,0,127
National,X,2022,29,1,0,51,0,0,0,4,0,56
National,X,2022,30,0,0,46,0,0,0,3,0,49
National,X,2022,31,3,0,54,4,0,0,2,0,63
National,X,2022,32,1,0,91,0,0,0,2,0,94
National,X,2022,33,7,0,73,0,0,0,2,0,82
National,X,2022,34,12,0,83,0,0,0,2,0,97
National,X,2022,35,9,0,78,0,0,0,4,0,91
National,X,2022,36,9,0,82,1,0,0,0,0,92
National,X,2022,37,6,0,75,0,0,0,5,0,86
National,X,2022,38,18,0,119,0,0,0,10,0,147
National,X,2022,39,28,0,127,0,0,0,4,0,159
National,X,2022,40,42,0,255,0,0,0,8,0,305
National,X,2022,41,70,0,383,0,0,0,8,0,461
National,X,2022,42,121,0,475,1,0,0,10,0,607
National,X,2022,43,243,0,744,0,0,0,5,0,992
National,X,2022,44,361,0,1047,0,0,0,9,0,1417
National,X,2022,45,364,0,1346,0,0,0,3,0,1713
National,X,2022,46,518,0,1821,0,0,0,6,0,2345
National,X,2022,47,534,0,2136,0,0,0,3,0,2673
National,X,2022,48,802,0,2591,0,0,0,4,0,3397
National,X,2022,49,673,0,2473,0,0,0,6,0,3152
National,X,2022,50,665,0,2148,0,0,0,5,0,2818
National,X,2022,51,588,0,1547,0,0,0,9,0,2144
National,X,2022,52,533,0,1023,0,0,0,7,0,1563
National,X,2023,1,472,0,975,0,0,0,14,0,1461
National,X,2023,2,252,0,594,0,0,0,14,0,860
National,X,2023,3,236,0,364,0,0,0,16,0,616
National,X,2023,4,140,0,188,0,0,0,10,0,338
National,X,2023,5,133,0,130,0,0,0,20,0,283
National,X,2023,6,145,0,127,0,0,0,27,0,299
National,X,2023,7,95,0,77,0,0,0,29,0,201
National,X,2023,8,70,0,68,0,0,0,18,0,156
National,X,2023,9,83,0,58,0,0,0,36,0,177
National,X,2023,10,84,0,50,0,0,0,31,0,165
National,X,2023,11,64,0,31,0,0,0,34,0,129
National,X,2023,12,67,0,42,0,0,0,49,0,158
National,X,2023,13,69,0,21,0,0,0,51,0,141
National,X,2023,14,74,0,21,0,0,0,51,0,146
National,X,2023,15,55,0,7,0,0,0,49,0,111
National,X,2023,16,34,0,13,0,0,0,63,0,110
National,X,2023,17,44,0,19,0,0,0,62,0,125
National,X,2023,18,43,0,9,0,0,0,65,0,117
National,X,2023,19,52,0,4,0,0,0,77,0,133
National,X,2023,20,48,0,11,0,0,0,71,0,130
National,X,2023,21,48,0,3,0,0,0,59,0,110
National,X,2023,22,62,0,1,0,0,0,50,0,113
National,X,2023,23,70,0,5,0,0,0,71,0,146
National,X,2023,24,69,0,3,0,0,0,50,0,122
National,X,2023,25,72,0,5,0,0,0,42,0,119
National,X,2023,26,68,0,18,0,0,0,57,0,143
National,X,2023,27,65,0,1,0,0,0,37,0,103
National,X,2023,28,65,0,4,0,0,0,28,0,97
National,X,2023,29,68,0,7,1,0,0,18,0,94
National,X,2023,30,49,0,5,0,0,0,30,0,84
National,X,2023,31,80,0,6,0,0,0,26,0,112
National,X,2023,32,52,0,6,0,0,0,35,0,93
National,X,2023,33,59,0,14,0,0,0,22,0,95
National,X,2023,34,62,0,12,0,0,0,33,0,107
National,X,2023,35,66,0,11,0,0,0,15,0,92
National,X,2023,36,82,0,10,0,0,0,28,0,120
National,X,2023,37,65,0,17,0,0,0,23,0,105
National,X,2023,38,96,0,11,0,0,0,36,0,143
National,X,2023,39,128,0,11,0,0,0,30,0,169
National,X,2023,40,185,0,17,0,0,0,51,0,253
National,X,2023,41,224,0,23,0,0,0,73,0,320
National,X,2023,42,307,0,29,0,0,0,85,0,421
National,X,2023,43,282,0,42,0,0,0,82,0,406
National,X,2023,44,347,0,49,0,0,0,103,0,499
National,X,2023,45,581,0,75,0,0,0,164,0,820
National,X,2023,46,612,0,129,0,0,0,186,0,927
National,X,2023,47,699,0,149,0,0,0,168,0,1016
National,X,2023,48,850,0,211,0,0,0,243,0,1304
National,X,2023,49,1163,0,326,0,0,0,314,0,1803
National,X,2023,50,1329,0,376,0,0,0,385,0,2090
National,X,2023,51,1461,0,388,0,0,0,325,0,2174
National,X,2023,52,1429,0,352,0,0,0,266,0,2047
National,X,2024,1,1312,0,391,0,0,0,376,0,2079
National,X,2024,2,1122,0,411,0,0,0,318,0,1851
National,X,2024,3,912,0,347,0,0,0,255,0,1514
National,X,2024,4,891,0,457,0,0,0,347,0,1695
National,X,2024,5,780,0,444,0,0,0,445,0,1669
National,X,2024,6,707,0,506,0,0,0,494,0,1707
National,X,2024,7,599,0,507,0,0,0,498,0,1604
National,X,2024,8,578,0,524,0,0,0,546,0,1648
National,X,2024,9,551,0,460,0,0,0,496,0,1507
National,X,2024,10,428,0,484,0,0,0,511,0,1423
National,X,2024,11,330,0,403,0,0,0,430,0,1163
National,X,2024,12,285,0,368,0,0,0,350,0,1003
National,X,2024,13,248,0,321,0,0,0,296,0,865
National,X,2024,14,196,0,322,0,0,0,284,0,802
National,X,2024,15,196,0,293,0,0,0,267,0,756
National,X,2024,16,146,0,241,0,0,0,196,0,583
National,X,2024,17,111,0,166,0,0,0,152,0,429
National,X,2024,18,112,0,150,0,0,0,112,0,374
National,X,2024,19,70,0,114,0,0,0,99,0,283
National,X,2024,20,60,0,97,0,0,0,49,0,206
National,X,2024,21,57,0,127,0,1,0,38,0,223
National,X,2024,22,63,0,111,0,0,0,63,0,237
National,X,2024,23,65,0,133,0,0,0,51,0,249
National,X,2024,24,88,0,135,0,0,0,48,0,271
National,X,2024,25,82,0,135,0,0,0,34,0,251
National,X,2024,26,95,0,171,0,0,0,31,0,297
National,X,2024,27,79,0,164,0,0,0,13,0,256
National,X,2024,28,94,0,147,1,9,0,11,0,262
National,X,2024,29,66,0,105,0,2,0,10,0,183
National,X,2024,30,55,0,115,0,1,0,12,0,183
National,X,2024,31,79,0,97,0,0,0,4,0,180
National,X,2024,32,93,0,108,0,0,0,5,0,206
National,X,2024,33,81,0,83,0,0,0,2,0,166
National,X,2024,34,67,0,77,0,1,0,5,0,150
National,X,2024,35,72,0,112,0,0,0,4,0,188
National,X,2024,36,75,0,75,2,0,0,4,0,156
National,X,2024,37,88,0,78,0,0,0,6,0,172
National,X,2024,38,118,0,101,0,0,0,3,0,222
National,X,2024,39,111,0,103,0,0,0,8,0,222
National,X,2024,40,118,0,108,0,4,0,5,0,235
National,X,2024,41,90,0,108,0,19,0,5,0,222
National,X,2024,42,116,0,104,0,14,0,18,0,252
National,X,2024,43,177,0,149,0,11,0,16,0,353
National,X,2024,44,189,0,221,0,4,0,25,0,439
National,X,2024,45,226,0,281,0,4,0,26,0,537
National,X,2024,46,237,0,382,0,5,0,35,0,659
National,X,2024,47,360,0,455,0,4,0,62,0,881
National,X,2024,48,393,0,530,0,7,0,36,0,966
National,X,2024,49,631,0,935,0,3,0,64,0,1633
National,X,2024,50,1080,0,1428,0,5,0,89,0,2602
National,X,2024,51,1572,0,2321,0,1,0,67,0,3961
National,X,2024,52,2082,0,2808,0,0,0,76,0,4966
National,X,2025,1,2593,0,3263,0,0,0,98,0,5954
National,X,2025,2,2185,0,2849,0,1,0,88,0,5123
National,X,2025,3,2920,0,3188,0,0,0,126,0,6234
National,X,2025,4,3858,0,3733,0,0,0,132,0,7723
National,X,2025,5,5490,0,4811,0,0,0,235,0,10536
National,X,2025,6,5266,0,4114,0,1,0,240,0,9621
National,X,2025,7,4379,0,3350,0,1,0,244,0,7974
National,X,2025,8,3399,0,2149,0,0,0,245,0,5793
National,X,2025,9,3002,0,2088,0,0,0,233,0,5323
National,X,2025,10,2528,0,1569,0,0,0,289,0,4386
National,X,2025,11,2247,0,1380,0,0,0,345,0,3972
National,X,2025,12,1782,0,1223,0,0,0,316,0,3321
National,X,2025,13,1016,0,579,0,0,0,292,0,1887
National,X,2025,14,888,0,522,0,0,0,361,0,1771
National,X,2025,15,544,0,254,0,0,0,394,0,1192
National,X,2025,16,397,0,172,0,0,0,357,0,926
National,X,2025,17,517,0,331,0,0,0,348,0,1196
National,X,2025,18,290,0,209,0,0,0,330,0,829
National,X,2025,19,336,0,163,0,0,0,292,0,791
National,X,2025,20,169,0,40,0,0,0,162,0,371
National,X,2025,21,102,0,40,0,0,0,95,0,237
National,X,2025,22,127,0,27,0,0,0,100,0,254
National,X,2025,23,134,0,16,0,0,0,86,0,236
National,X,2025,24,99,0,14,0,0,0,52,0,165
National,X,2025,25,66,0,12,0,0,0,42,0,120
National,X,2025,26,98,0,5,0,0,0,35,0,138
National,X,2025,27,59,0,12,0,0,0,17,0,88
National,X,2025,28,56,0,12,0,0,0,12,0,80
National,X,2025,29,62,0,3,0,0,0,14,0,79
National,X,2025,30,55,0,27,0,0,0,15,0,97
National,X,2025,31,55,0,14,0,0,0,9,0,78
National,X,2025,32,40,0,15,0,0,0,4,0,59
National,X,2025,33,43,0,11,0,0,0,5,0,59
National,X,2025,34,74,0,13,0,0,0,4,0,91
National,X,2025,35,61,0,23,0,0,0,3,0,87
National,X,2025,36,49,0,29,0,0,0,3,0,81
National,X,2025,37,55,0,30,0,0,0,3,0,88
National,X,2025,38,49,0,32,0,0,0,3,0,84
National,X,2025,39,48,0,31,0,0,0,9,0,88
National,X,2025,40,65,0,45,0,0,0,10,0,120
National,X,2025,41,55,0,69,0,0,0,6,0,130
National,X,2025,42,71,0,114,0,0,0,9,0,194
National,X,2025,43,118,0,144,0,0,0,12,0,274
National,X,2025,44,81,0,198,0,0,0,13,0,292
National,X,2025,45,148,0,446,0,0,0,21,0,615
National,X,2025,46,182,0,698,0,2,0,36,0,918
National,X,2025,47,221,0,1114,0,0,0,74,0,1409
National,X,2025,48,232,0,1452,0,0,0,51,0,1735
National,X,2025,49,232,0,1963,0,0,0,76,0,2271
National,X,2025,50,319,0,3217,0,0,0,68,0,3604
National,X,2025,51,423,0,5231,0,0,0,112,0,5766
National,X,2025,52,469,0,6047,0,0,0,146,0,6662
National,X,2025,53,533,0,5745,0,0,0,157,0,6435
National,X,2026,1,434,0,4425,0,0,0,171,0,5030
National,X,2026,2,372,0,3013,0,0,0,194,0,3579
National,X,2026,3,373,0,2740,0,0,0,237,0,3350
National,X,2026,4,310,0,2229,0,0,0,361,0,2900
National,X,2026,5,389,0,2293,0,0,0,477,0,3159
National,X,2026,6,343,0,1827,0,0,0,601,0,2771
National,X,2026,7,313,0,1364,0,0,0,833,0,2510
National,X,2026,8,259,0,1067,0,0,0,747,0,2073
National,X,2026,9,238,0,881,0,0,0,925,0,2044
National,X,2026,10,180,0,546,0,0,0,853,0,1579
National,X,2026,11,138,0,366,0,0,0,829,0,1333
National,X,2026,12,159,0,284,0,0,0,793,0,1236
National,X,2026,13,116,0,244,0,0,0,681,0,1041
National,X,2026,14,118,0,149,0,0,0,510,0,777
National,X,2026,15,99,0,173,0,0,0,388,0,660
National,X,2026,16,53,0,104,0,0,0,306,0,463
National,X,2026,17,53,0,130,0,0,0,218,0,401
National,X,2026,18,43,0,108,0,0,0,236,0,387
National,X,2026,19,35,0,23,0,0,0,206,0,264
National,X,2026,20,43,0,49,0,0,0,145,0,237
National,X,2026,21,19,0,18,0,0,0,114,0,151
National,X,2026,22,26,0,38,0,0,0,88,0,152
National,X,2026,23,34,0,26,0,0,0,67,0,127
National,X,2026,24,11,0,110,0,0,0,47,0,168
National,X,2026,25,27,0,24,0,0,0,40,0,91
National,X,2026,26,42,0,20,0,0,0,28,0,90
National,X,2026,27,31,0,8,0,0,0,28,0,67
National,X,2026,28,26,0,8,0,0,0,20,0,54
National,X,2026,29,23,0,7,0,0,0,24,0,54
National,X,2026,30,27,0,14,0,0,0,8,0,49
National,X,2026,31,20,0,7,0,0,0,6,0,33
National,X,2026,32,11,0,2,0,0,0,2,0,15
