SEASON,START_YEAR,START_WEEK,END_YEAR,END_WEEK,DOMINANT_SUBTYPE_LINEAGE,DOMINANT_COUNT,TOTAL_ALLOCATED,DOMINANT_START_YEAR,DOMINANT_START_WEEK,DOMINANT_END_YEAR,DOMINANT_END_WEEK
1997,1997,40,1998,39,A (H3),12803,12929,1997,41,1998,20
1998,1998,40,1999,39,A (H3),10845,14250,1998,40,1999,22
1999,1999,40,2000,39,A (H3),14185,14695,1999,40,2000,16
2000,2000,40,2001,39,A (H1),5446,10511,2000,41,2001,24
2001,2001,40,2002,39,A (H3),13934,16552,2001,40,2002,38
2002,2002,40,2003,39,B,4084,9841,2002,41,2003,25
2003,2003,40,2004,39,A (H3),24795,25104,2003,40,2004,39
2004,2004,40,2005,39,A (H3),18313,24570,2004,40,2005,39
2005,2005,40,2006,39,A (H3),15280,21410,2005,40,2006,30
2006,2006,40,2007,39,A (H1),12867,25065,2006,40,2007,39
2007,2007,40,2008,39,A (H3),22493,42161,2007,40,2008,38
2008,2008,40,2009,39,A (H1),96228,114630,2008,40,2009,39
2009,2009,40,2010,39,A (H1),69659,70379,2009,40,2010,39
2010,2010,40,2011,39,A (H3),25683,55980,2010,40,2011,39
2011,2011,40,2012,39,A (H3),16213,27012,2011,40,2012,39
2012,2012,40,2013,39,A (H3),52901,80182,2012,40,2013,39
2013,2013,40,2014,39,A (H1),43381,58989,2013,40,2014,39
2014,2014,40,2015,39,A (H3),106599,128915,2014,40,2015,39
2015,2015,40,2016,39,A (H1),15735,28738,2015,40,2016,39
2016,2016,40,2017,39,A (H3),32440,43551,2016,40,2017,39
2017,2017,40,2018,39,A (H3),32951,54982,2017,40,2018,39
2018,2018,40,2019,39,A (H1),24050,45881,2018,40,2019,39
2019,2019,40,2020,39,A (H1),25417,46974,2019,40,2020,39
2020,2020,40,2021,39,A (H3),214,422,2020,40,2021,39
2021,2021,40,2022,39,A (H3),26230,26542,2021,40,2022,39
2022,2022,40,2023,39,A (H3),20948,31610,2022,40,2023,39
2023,2023,40,2024,39,A (H1),20631,41315,2023,40,2024,39
2024,2024,40,2025,39,A (H1),52409,104838,2024,40,2025,39
2025,2025,40,2026,39,A (H3),48780,67270,2025,40,2026,32
