REGION TYPE,REGION,YEAR,WEEK,A (H1),A (H3),H3N2v,A (H5),B,TOTAL_ALLOCATED,A (H1)_per,A (H3)_per,B_per
National,X,1997,40,0,0,0,0,0,0,0.0000,0.0000,0.0000
National,X,1997,41,0,11,0,0,0,11,0.0000,1.0000,0.0000
National,X,1997,42,0,16,0,0,1,17,0.0000,0.9412,0.0588
National,X,1997,43,0,7,0,0,0,7,0.0000,1.0000,0.0000
National,X,1997,44,0,10,0,0,0,10,0.0000,1.0000,0.0000
National,X,1997,45,0,6,0,0,0,6,0.0000,1.0000,0.0000
National,X,1997,46,0,7,0,0,1,8,0.0000,0.8750,0.1250
National,X,1997,47,0,22,0,0,1,23,0.0000,0.9565,0.0435
National,X,1997,48,0,36,0,0,1,37,0.0000,0.9730,0.0270
National,X,1997,49,0,39,0,0,1,40,0.0000,0.9750,0.0250
National,X,1997,50,0,96,0,0,2,98,0.0000,0.9796,0.0204
National,X,1997,51,0,243,0,0,0,243,0.0000,1.0000,0.0000
National,X,1997,52,0,422,0,0,0,422,0.0000,1.0000,0.0000
National,X,1997,53,5,784,0,0,1,790,0.0063,0.9924,0.0013
National,X,1998,1,0,1019,0,0,3,1022,0.0000,0.9971,0.0029
National,X,1998,2,12,1135,0,0,4,1151,0.0104,0.9861,0.0035
National,X,1998,3,3,1583,0,0,1,1587,0.0019,0.9975,0.0006
National,X,1998,4,0,1888,0,0,1,1889,0.0000,0.9995,0.0005
National,X,1998,5,0,1679,0,0,1,1680,0.0000,0.9994,0.0006
National,X,1998,6,4,1421,0,0,5,1430,0.0028,0.9937,0.0035
National,X,1998,7,0,983,0,0,4,987,0.0000,0.9959,0.0041
National,X,1998,8,0,562,0,0,4,566,0.0000,0.9929,0.0071
National,X,1998,9,0,304,0,0,3,307,0.0000,0.9902,0.0098
National,X,1998,10,0,196,0,0,6,202,0.0000,0.9703,0.0297
National,X,1998,11,0,116,0,0,5,121,0.0000,0.9587,0.0413
National,X,1998,12,0,78,0,0,6,84,0.0000,0.9286,0.0714
National,X,1998,13,0,40,0,0,7,47,0.0000,0.8511,0.1489
National,X,1998,14,0,28,0,0,6,34,0.0000,0.8235,0.1765
National,X,1998,15,0,27,0,0,12,39,0.0000,0.6923,0.3077
National,X,1998,16,0,17,0,0,4,21,0.0000,0.8095,0.1905
National,X,1998,17,0,10,0,0,6,16,0.0000,0.6250,0.3750
National,X,1998,18,0,11,0,0,5,16,0.0000,0.6875,0.3125
National,X,1998,19,0,5,0,0,4,9,0.0000,0.5556,0.4444
National,X,1998,20,0,2,0,0,7,9,0.0000,0.2222,0.7778
National,X,1998,21,0,0,0,0,0,0,0.0000,0.0000,0.0000
National,X,1998,22,0,0,0,0,0,0,0.0000,0.0000,0.0000
National,X,1998,23,0,0,0,0,0,0,0.0000,0.0000,0.0000
National,X,1998,24,0,0,0,0,0,0,0.0000,0.0000,0.0000
National,X,1998,25,0,0,0,0,0,0,0.0000,0.0000,0.0000
National,X,1998,26,0,0,0,0,0,0,0.0000,0.0000,0.0000
National,X,1998,27,0,0,0,0,0,0,0.0000,0.0000,0.0000
National,X,1998,28,0,0,0,0,0,0,0.0000,0.0000,0.0000
National,X,1998,29,0,0,0,0,0,0,0.0000,0.0000,0.0000
National,X,1998,30,0,0,0,0,0,0,0.0000,0.0000,0.0000
National,X,1998,31,0,0,0,0,0,0,0.0000,0.0000,0.0000
National,X,1998,32,0,0,0,0,0,0,0.0000,0.0000,0.0000
National,X,1998,33,0,0,0,0,0,0,0.0000,0.0000,0.0000
National,X,1998,34,0,0,0,0,0,0,0.0000,0.0000,0.0000
National,X,1998,35,0,0,0,0,0,0,0.0000,0.0000,0.0000
National,X,1998,36,0,0,0,0,0,0,0.0000,0.0000,0.0000
National,X,1998,37,0,0,0,0,0,0,0.0000,0.0000,0.0000
National,X,1998,38,0,0,0,0,0,0,0.0000,0.0000,0.0000
National,X,1998,39,0,0,0,0,0,0,0.0000,0.0000,0.0000
National,X,1998,40,0,2,0,0,0,2,0.0000,1.0000,0.0000
National,X,1998,41,0,5,0,0,0,5,0.0000,1.0000,0.0000
National,X,1998,42,3,0,0,0,0,3,1.0000,0.0000,0.0000
National,X,1998,43,0,1,0,0,5,6,0.0000,0.1667,0.8333
National,X,1998,44,0,18,0,0,0,18,0.0000,1.0000,0.0000
National,X,1998,45,0,10,0,0,4,14,0.0000,0.7143,0.2857
National,X,1998,46,0,4,0,0,4,8,0.0000,0.5000,0.5000
National,X,1998,47,0,9,0,0,8,17,0.0000,0.5294,0.4706
National,X,1998,48,0,17,0,0,11,28,0.0000,0.6071,0.3929
National,X,1998,49,0,24,0,0,21,45,0.0000,0.5333,0.4667
National,X,1998,50,2,26,0,0,14,42,0.0476,0.6190,0.3333
National,X,1998,51,0,56,0,0,27,83,0.0000,0.6747,0.3253
National,X,1998,52,3,126,0,0,31,160,0.0187,0.7875,0.1938
National,X,1999,1,0,255,0,0,76,331,0.0000,0.7704,0.2296
National,X,1999,2,3,460,0,0,111,574,0.0052,0.8014,0.1934
National,X,1999,3,4,708,0,0,153,865,0.0046,0.8185,0.1769
National,X,1999,4,4,877,0,0,269,1150,0.0035,0.7626,0.2339
National,X,1999,5,4,1274,0,0,400,1678,0.0024,0.7592,0.2384
National,X,1999,6,9,1444,0,0,407,1860,0.0048,0.7763,0.2188
National,X,1999,7,44,1292,0,0,379,1715,0.0257,0.7534,0.2210
National,X,1999,8,5,1298,0,0,366,1669,0.0030,0.7777,0.2193
National,X,1999,9,6,1047,0,0,334,1387,0.0043,0.7549,0.2408
National,X,1999,10,10,657,0,0,216,883,0.0113,0.7441,0.2446
National,X,1999,11,21,430,0,0,176,627,0.0335,0.6858,0.2807
National,X,1999,12,4,339,0,0,121,464,0.0086,0.7306,0.2608
National,X,1999,13,0,163,0,0,61,224,0.0000,0.7277,0.2723
National,X,1999,14,5,133,0,0,38,176,0.0284,0.7557,0.2159
National,X,1999,15,6,85,0,0,20,111,0.0541,0.7658,0.1802
National,X,1999,16,0,28,0,0,8,36,0.0000,0.7778,0.2222
National,X,1999,17,0,25,0,0,3,28,0.0000,0.8929,0.1071
National,X,1999,18,0,13,0,0,4,17,0.0000,0.7647,0.2353
National,X,1999,19,0,5,0,0,4,9,0.0000,0.5556,0.4444
National,X,1999,20,0,6,0,0,1,7,0.0000,0.8571,0.1429
National,X,1999,21,0,7,0,0,0,7,0.0000,1.0000,0.0000
National,X,1999,22,0,1,0,0,0,1,0.0000,1.0000,0.0000
National,X,1999,23,0,0,0,0,0,0,0.0000,0.0000,0.0000
National,X,1999,24,0,0,0,0,0,0,0.0000,0.0000,0.0000
National,X,1999,25,0,0,0,0,0,0,0.0000,0.0000,0.0000
National,X,1999,26,0,0,0,0,0,0,0.0000,0.0000,0.0000
National,X,1999,27,0,0,0,0,0,0,0.0000,0.0000,0.0000
National,X,1999,28,0,0,0,0,0,0,0.0000,0.0000,0.0000
National,X,1999,29,0,0,0,0,0,0,0.0000,0.0000,0.0000
National,X,1999,30,0,0,0,0,0,0,0.0000,0.0000,0.0000
National,X,1999,31,0,0,0,0,0,0,0.0000,0.0000,0.0000
National,X,1999,32,0,0,0,0,0,0,0.0000,0.0000,0.0000
National,X,1999,33,0,0,0,0,0,0,0.0000,0.0000,0.0000
National,X,1999,34,0,0,0,0,0,0,0.0000,0.0000,0.0000
National,X,1999,35,0,0,0,0,0,0,0.0000,0.0000,0.0000
National,X,1999,36,0,0,0,0,0,0,0.0000,0.0000,0.0000
National,X,1999,37,0,0,0,0,0,0,0.0000,0.0000,0.0000
National,X,1999,38,0,0,0,0,0,0,0.0000,0.0000,0.0000
National,X,1999,39,0,0,0,0,0,0,0.0000,0.0000,0.0000
National,X,1999,40,0,18,0,0,0,18,0.0000,1.0000,0.0000
National,X,1999,41,0,19,0,0,1,20,0.0000,0.9500,0.0500
National,X,1999,42,0,44,0,0,3,47,0.0000,0.9362,0.0638
National,X,1999,43,0,57,0,0,0,57,0.0000,1.0000,0.0000
National,X,1999,44,0,94,0,0,2,96,0.0000,0.9792,0.0208
National,X,1999,45,0,148,0,0,0,148,0.0000,1.0000,0.0000
National,X,1999,46,0,231,0,0,0,231,0.0000,1.0000,0.0000
National,X,1999,47,0,285,0,0,1,286,0.0000,0.9965,0.0035
National,X,1999,48,0,527,0,0,0,527,0.0000,1.0000,0.0000
National,X,1999,49,9,835,0,0,1,845,0.0107,0.9882,0.0012
National,X,1999,50,5,1297,0,0,4,1306,0.0038,0.9931,0.0031
National,X,1999,51,10,1715,0,0,1,1726,0.0058,0.9936,0.0006
National,X,1999,52,17,2130,0,0,4,2151,0.0079,0.9902,0.0019
National,X,2000,1,11,2091,0,0,1,2103,0.0052,0.9943,0.0005
National,X,2000,2,0,1643,0,0,2,1645,0.0000,0.9988,0.0012
National,X,2000,3,7,1034,0,0,3,1044,0.0067,0.9904,0.0029
National,X,2000,4,8,682,0,0,5,695,0.0115,0.9813,0.0072
National,X,2000,5,30,454,0,0,1,485,0.0619,0.9361,0.0021
National,X,2000,6,21,387,0,0,4,412,0.0510,0.9393,0.0097
National,X,2000,7,33,224,0,0,6,263,0.1255,0.8517,0.0228
National,X,2000,8,58,133,0,0,9,200,0.2900,0.6650,0.0450
National,X,2000,9,24,71,0,0,5,100,0.2400,0.7100,0.0500
National,X,2000,10,38,31,0,0,6,75,0.5067,0.4133,0.0800
National,X,2000,11,35,13,0,0,5,53,0.6604,0.2453,0.0943
National,X,2000,12,28,2,0,0,3,33,0.8485,0.0606,0.0909
National,X,2000,13,13,5,0,0,3,21,0.6190,0.2381,0.1429
National,X,2000,14,13,2,0,0,4,19,0.6842,0.1053,0.2105
National,X,2000,15,17,0,0,0,5,22,0.7727,0.0000,0.2273
National,X,2000,16,7,11,0,0,5,23,0.3043,0.4783,0.2174
National,X,2000,17,12,0,0,0,4,16,0.7500,0.0000,0.2500
National,X,2000,18,4,0,0,0,6,10,0.4000,0.0000,0.6000
National,X,2000,19,0,1,0,0,1,2,0.0000,0.5000,0.5000
National,X,2000,20,0,0,0,0,2,2,0.0000,0.0000,1.0000
National,X,2000,21,4,0,0,0,2,6,0.6667,0.0000,0.3333
National,X,2000,22,3,0,0,0,0,3,1.0000,0.0000,0.0000
National,X,2000,23,0,1,0,0,2,3,0.0000,0.3333,0.6667
National,X,2000,24,0,0,0,0,1,1,0.0000,0.0000,1.0000
National,X,2000,25,0,0,0,0,0,0,0.0000,0.0000,0.0000
National,X,2000,26,0,0,0,0,1,1,0.0000,0.0000,1.0000
National,X,2000,27,0,0,0,0,0,0,0.0000,0.0000,0.0000
National,X,2000,28,0,0,0,0,0,0,0.0000,0.0000,0.0000
National,X,2000,29,0,0,0,0,0,0,0.0000,0.0000,0.0000
National,X,2000,30,0,0,0,0,0,0,0.0000,0.0000,0.0000
National,X,2000,31,0,0,0,0,0,0,0.0000,0.0000,0.0000
National,X,2000,32,0,0,0,0,0,0,0.0000,0.0000,0.0000
National,X,2000,33,0,0,0,0,0,0,0.0000,0.0000,0.0000
National,X,2000,34,0,0,0,0,0,0,0.0000,0.0000,0.0000
National,X,2000,35,0,0,0,0,0,0,0.0000,0.0000,0.0000
National,X,2000,36,0,0,0,0,0,0,0.0000,0.0000,0.0000
National,X,2000,37,0,0,0,0,0,0,0.0000,0.0000,0.0000
National,X,2000,38,0,0,0,0,0,0,0.0000,0.0000,0.0000
National,X,2000,39,0,0,0,0,0,0,0.0000,0.0000,0.0000
National,X,2000,40,0,0,0,0,1,1,0.0000,0.0000,1.0000
National,X,2000,41,4,0,0,0,0,4,1.0000,0.0000,0.0000
National,X,2000,42,2,0,0,0,2,4,0.5000,0.0000,0.5000
National,X,2000,43,8,4,0,0,2,14,0.5714,0.2857,0.1429
National,X,2000,44,12,1,0,0,3,16,0.7500,0.0625,0.1875
National,X,2000,45,29,1,0,0,7,37,0.7838,0.0270,0.1892
National,X,2000,46,28,2,0,0,13,43,0.6512,0.0465,0.3023
National,X,2000,47,48,5,0,0,24,77,0.6234,0.0649,0.3117
National,X,2000,48,60,2,0,0,36,98,0.6122,0.0204,0.3673
National,X,2000,49,113,7,0,0,41,161,0.7019,0.0435,0.2547
National,X,2000,50,163,8,0,0,55,226,0.7212,0.0354,0.2434
National,X,2000,51,286,5,0,0,103,394,0.7259,0.0127,0.2614
National,X,2000,52,327,0,0,0,132,459,0.7124,0.0000,0.2876
National,X,2001,1,333,11,0,0,167,511,0.6517,0.0215,0.3268
National,X,2001,2,524,13,0,0,275,812,0.6453,0.0160,0.3387
National,X,2001,3,753,6,0,0,373,1132,0.6652,0.0053,0.3295
National,X,2001,4,827,14,0,0,489,1330,0.6218,0.0105,0.3677
National,X,2001,5,711,3,0,0,524,1238,0.5743,0.0024,0.4233
National,X,2001,6,472,8,0,0,587,1067,0.4424,0.0075,0.5501
National,X,2001,7,278,11,0,0,470,759,0.3663,0.0145,0.6192
National,X,2001,8,187,13,0,0,437,637,0.2936,0.0204,0.6860
National,X,2001,9,101,17,0,0,377,495,0.2040,0.0343,0.7616
National,X,2001,10,74,2,0,0,197,273,0.2711,0.0073,0.7216
National,X,2001,11,43,4,0,0,152,199,0.2161,0.0201,0.7638
National,X,2001,12,19,9,0,0,153,181,0.1050,0.0497,0.8453
National,X,2001,13,24,2,0,0,96,122,0.1967,0.0164,0.7869
National,X,2001,14,10,0,0,0,68,78,0.1282,0.0000,0.8718
National,X,2001,15,0,8,0,0,37,45,0.0000,0.1778,0.8222
National,X,2001,16,3,0,0,0,44,47,0.0638,0.0000,0.9362
National,X,2001,17,0,0,0,0,21,21,0.0000,0.0000,1.0000
National,X,2001,18,1,0,0,0,8,9,0.1111,0.0000,0.8889
National,X,2001,19,1,0,0,0,6,7,0.1429,0.0000,0.8571
National,X,2001,20,0,0,0,0,9,9,0.0000,0.0000,1.0000
National,X,2001,21,1,0,0,0,0,1,1.0000,0.0000,0.0000
National,X,2001,22,2,0,0,0,0,2,1.0000,0.0000,0.0000
National,X,2001,23,1,0,0,0,0,1,1.0000,0.0000,0.0000
National,X,2001,24,1,0,0,0,0,1,1.0000,0.0000,0.0000
National,X,2001,25,0,0,0,0,0,0,0.0000,0.0000,0.0000
National,X,2001,26,0,0,0,0,0,0,0.0000,0.0000,0.0000
National,X,2001,27,0,0,0,0,0,0,0.0000,0.0000,0.0000
National,X,2001,28,0,0,0,0,0,0,0.0000,0.0000,0.0000
National,X,2001,29,0,0,0,0,0,0,0.0000,0.0000,0.0000
National,X,2001,30,0,0,0,0,0,0,0.0000,0.0000,0.0000
National,X,2001,31,0,0,0,0,0,0,0.0000,0.0000,0.0000
National,X,2001,32,0,0,0,0,0,0,0.0000,0.0000,0.0000
National,X,2001,33,0,0,0,0,0,0,0.0000,0.0000,0.0000
National,X,2001,34,0,0,0,0,0,0,0.0000,0.0000,0.0000
National,X,2001,35,0,0,0,0,0,0,0.0000,0.0000,0.0000
National,X,2001,36,0,0,0,0,0,0,0.0000,0.0000,0.0000
National,X,2001,37,0,0,0,0,0,0,0.0000,0.0000,0.0000
National,X,2001,38,0,0,0,0,0,0,0.0000,0.0000,0.0000
National,X,2001,39,0,0,0,0,0,0,0.0000,0.0000,0.0000
National,X,2001,40,0,7,0,0,1,8,0.0000,0.8750,0.1250
National,X,2001,41,0,5,0,0,0,5,0.0000,1.0000,0.0000
National,X,2001,42,0,8,0,0,0,8,0.0000,1.0000,0.0000
National,X,2001,43,0,17,0,0,0,17,0.0000,1.0000,0.0000
National,X,2001,44,2,11,0,0,0,13,0.1538,0.8462,0.0000
National,X,2001,45,0,13,0,0,0,13,0.0000,1.0000,0.0000
National,X,2001,46,0,45,0,0,1,46,0.0000,0.9783,0.0217
National,X,2001,47,0,30,0,0,3,33,0.0000,0.9091,0.0909
National,X,2001,48,0,73,0,0,1,74,0.0000,0.9865,0.0135
National,X,2001,49,2,76,0,0,5,83,0.0241,0.9157,0.0602
National,X,2001,50,5,105,0,0,2,112,0.0446,0.9375,0.0179
National,X,2001,51,11,154,0,0,4,169,0.0651,0.9112,0.0237
National,X,2001,52,0,219,0,0,1,220,0.0000,0.9955,0.0045
National,X,2002,1,0,342,0,0,2,344,0.0000,0.9942,0.0058
National,X,2002,2,0,534,0,0,6,540,0.0000,0.9889,0.0111
National,X,2002,3,3,919,0,0,5,927,0.0032,0.9914,0.0054
National,X,2002,4,13,1218,0,0,12,1243,0.0105,0.9799,0.0097
National,X,2002,5,10,1440,0,0,24,1474,0.0068,0.9769,0.0163
National,X,2002,6,16,1604,0,0,19,1639,0.0098,0.9786,0.0116
National,X,2002,7,11,1768,0,0,28,1807,0.0061,0.9784,0.0155
National,X,2002,8,35,1730,0,0,68,1833,0.0191,0.9438,0.0371
National,X,2002,9,27,1312,0,0,86,1425,0.0189,0.9207,0.0604
National,X,2002,10,26,975,0,0,136,1137,0.0229,0.8575,0.1196
National,X,2002,11,24,613,0,0,166,803,0.0299,0.7634,0.2067
National,X,2002,12,7,352,0,0,210,569,0.0123,0.6186,0.3691
National,X,2002,13,11,163,0,0,284,458,0.0240,0.3559,0.6201
National,X,2002,14,12,83,0,0,235,330,0.0364,0.2515,0.7121
National,X,2002,15,12,49,0,0,192,253,0.0474,0.1937,0.7589
National,X,2002,16,9,27,0,0,226,262,0.0344,0.1031,0.8626
National,X,2002,17,2,16,0,0,138,156,0.0128,0.1026,0.8846
National,X,2002,18,2,17,0,0,149,168,0.0119,0.1012,0.8869
National,X,2002,19,5,0,0,0,140,145,0.0345,0.0000,0.9655
National,X,2002,20,2,0,0,0,86,88,0.0227,0.0000,0.9773
National,X,2002,21,0,3,0,0,61,64,0.0000,0.0469,0.9531
National,X,2002,22,0,2,0,0,34,36,0.0000,0.0556,0.9444
National,X,2002,23,0,1,0,0,25,26,0.0000,0.0385,0.9615
National,X,2002,24,0,0,0,0,7,7,0.0000,0.0000,1.0000
National,X,2002,25,0,0,0,0,2,2,0.0000,0.0000,1.0000
National,X,2002,26,0,0,0,0,4,4,0.0000,0.0000,1.0000
National,X,2002,27,0,0,0,0,2,2,0.0000,0.0000,1.0000
National,X,2002,28,0,0,0,0,1,1,0.0000,0.0000,1.0000
National,X,2002,29,0,0,0,0,0,0,0.0000,0.0000,0.0000
National,X,2002,30,0,1,0,0,1,2,0.0000,0.5000,0.5000
National,X,2002,31,0,0,0,0,0,0,0.0000,0.0000,0.0000
National,X,2002,32,0,0,0,0,0,0,0.0000,0.0000,0.0000
National,X,2002,33,0,0,0,0,0,0,0.0000,0.0000,0.0000
National,X,2002,34,0,0,0,0,0,0,0.0000,0.0000,0.0000
National,X,2002,35,0,0,0,0,1,1,0.0000,0.0000,1.0000
National,X,2002,36,0,0,0,0,0,0,0.0000,0.0000,0.0000
National,X,2002,37,0,0,0,0,0,0,0.0000,0.0000,0.0000
National,X,2002,38,0,2,0,0,1,3,0.0000,0.6667,0.3333
National,X,2002,39,0,0,0,0,2,2,0.0000,0.0000,1.0000
National,X,2002,40,0,0,0,0,0,0,0.0000,0.0000,0.0000
National,X,2002,41,2,0,0,0,1,3,0.6667,0.0000,0.3333
National,X,2002,42,0,0,0,0,0,0,0.0000,0.0000,0.0000
National,X,2002,43,5,0,0,0,1,6,0.8333,0.0000,0.1667
National,X,2002,44,2,1,0,0,3,6,0.3333,0.1667,0.5000
National,X,2002,45,0,2,0,0,3,5,0.0000,0.4000,0.6000
National,X,2002,46,4,2,0,0,4,10,0.4000,0.2000,0.4000
National,X,2002,47,6,0,0,0,16,22,0.2727,0.0000,0.7273
National,X,2002,48,2,7,0,0,6,15,0.1333,0.4667,0.4000
National,X,2002,49,7,5,0,0,28,40,0.1750,0.1250,0.7000
National,X,2002,50,19,5,0,0,73,97,0.1959,0.0515,0.7526
National,X,2002,51,38,7,0,0,146,191,0.1990,0.0366,0.7644
National,X,2002,52,30,11,0,0,119,160,0.1875,0.0688,0.7438
National,X,2003,1,51,15,0,0,82,148,0.3446,0.1014,0.5541
National,X,2003,2,83,32,0,0,134,249,0.3333,0.1285,0.5382
National,X,2003,3,133,22,0,0,202,357,0.3725,0.0616,0.5658
National,X,2003,4,221,50,0,0,276,547,0.4040,0.0914,0.5046
National,X,2003,5,338,103,0,0,413,854,0.3958,0.1206,0.4836
National,X,2003,6,540,147,0,0,598,1285,0.4202,0.1144,0.4654
National,X,2003,7,459,208,0,0,517,1184,0.3877,0.1757,0.4367
National,X,2003,8,419,209,0,0,368,996,0.4207,0.2098,0.3695
National,X,2003,9,445,164,0,0,357,966,0.4607,0.1698,0.3696
National,X,2003,10,324,141,0,0,214,679,0.4772,0.2077,0.3152
National,X,2003,11,303,108,0,0,175,586,0.5171,0.1843,0.2986
National,X,2003,12,260,119,0,0,124,503,0.5169,0.2366,0.2465
National,X,2003,13,159,51,0,0,71,281,0.5658,0.1815,0.2527
National,X,2003,14,89,71,0,0,41,201,0.4428,0.3532,0.2040
National,X,2003,15,48,46,0,0,16,110,0.4364,0.4182,0.1455
National,X,2003,16,26,40,0,0,23,89,0.2921,0.4494,0.2584
National,X,2003,17,15,32,0,0,11,58,0.2586,0.5517,0.1897
National,X,2003,18,24,24,0,0,20,68,0.3529,0.3529,0.2941
National,X,2003,19,8,10,0,0,10,28,0.2857,0.3571,0.3571
National,X,2003,20,9,4,0,0,6,19,0.4737,0.2105,0.3158
National,X,2003,21,3,6,0,0,7,16,0.1875,0.3750,0.4375
National,X,2003,22,0,2,0,0,4,6,0.0000,0.3333,0.6667
National,X,2003,23,5,0,0,0,8,13,0.3846,0.0000,0.6154
National,X,2003,24,0,3,0,0,4,7,0.0000,0.4286,0.5714
National,X,2003,25,0,2,0,0,2,4,0.0000,0.5000,0.5000
National,X,2003,26,1,1,0,0,0,2,0.5000,0.5000,0.0000
National,X,2003,27,0,1,0,0,0,1,0.0000,1.0000,0.0000
National,X,2003,28,0,3,0,0,0,3,0.0000,1.0000,0.0000
National,X,2003,29,0,4,0,0,0,4,0.0000,1.0000,0.0000
National,X,2003,30,0,4,0,0,0,4,0.0000,1.0000,0.0000
National,X,2003,31,0,7,0,0,1,8,0.0000,0.8750,0.1250
National,X,2003,32,0,2,0,0,0,2,0.0000,1.0000,0.0000
National,X,2003,33,0,3,0,0,0,3,0.0000,1.0000,0.0000
National,X,2003,34,0,0,0,0,0,0,0.0000,0.0000,0.0000
National,X,2003,35,0,0,0,0,0,0,0.0000,0.0000,0.0000
National,X,2003,36,1,1,0,0,0,2,0.5000,0.5000,0.0000
National,X,2003,37,0,1,0,0,0,1,0.0000,1.0000,0.0000
National,X,2003,38,0,2,0,0,0,2,0.0000,1.0000,0.0000
National,X,2003,39,0,0,0,0,0,0,0.0000,0.0000,0.0000
National,X,2003,40,0,21,0,0,1,22,0.0000,0.9545,0.0455
National,X,2003,41,0,77,0,0,0,77,0.0000,1.0000,0.0000
National,X,2003,42,0,252,0,0,1,253,0.0000,0.9960,0.0040
National,X,2003,43,0,454,0,0,4,458,0.0000,0.9913,0.0087
National,X,2003,44,0,535,0,0,0,535,0.0000,1.0000,0.0000
National,X,2003,45,3,856,0,0,3,862,0.0035,0.9930,0.0035
National,X,2003,46,0,1289,0,0,2,1291,0.0000,0.9985,0.0015
National,X,2003,47,0,1960,0,0,8,1968,0.0000,0.9959,0.0041
National,X,2003,48,0,2241,0,0,10,2251,0.0000,0.9956,0.0044
National,X,2003,49,0,3237,0,0,32,3269,0.0000,0.9902,0.0098
National,X,2003,50,0,4061,0,0,29,4090,0.0000,0.9929,0.0071
National,X,2003,51,0,3609,0,0,20,3629,0.0000,0.9945,0.0055
National,X,2003,52,0,2395,0,0,16,2411,0.0000,0.9934,0.0066
National,X,2003,53,0,1689,0,0,12,1701,0.0000,0.9929,0.0071
National,X,2004,1,0,853,0,0,9,862,0.0000,0.9896,0.0104
National,X,2004,2,0,500,0,0,5,505,0.0000,0.9901,0.0099
National,X,2004,3,0,257,0,0,3,260,0.0000,0.9885,0.0115
National,X,2004,4,0,163,0,0,3,166,0.0000,0.9819,0.0181
National,X,2004,5,2,103,0,0,2,107,0.0187,0.9626,0.0187
National,X,2004,6,0,60,0,0,5,65,0.0000,0.9231,0.0769
National,X,2004,7,0,48,0,0,8,56,0.0000,0.8571,0.1429
National,X,2004,8,0,26,0,0,12,38,0.0000,0.6842,0.3158
National,X,2004,9,0,10,0,0,8,18,0.0000,0.5556,0.4444
National,X,2004,10,0,8,0,0,6,14,0.0000,0.5714,0.4286
National,X,2004,11,0,11,0,0,2,13,0.0000,0.8462,0.1538
National,X,2004,12,0,9,0,0,15,24,0.0000,0.3750,0.6250
National,X,2004,13,0,8,0,0,9,17,0.0000,0.4706,0.5294
National,X,2004,14,0,1,0,0,8,9,0.0000,0.1111,0.8889
National,X,2004,15,0,3,0,0,12,15,0.0000,0.2000,0.8000
National,X,2004,16,0,13,0,0,11,24,0.0000,0.5417,0.4583
National,X,2004,17,0,4,0,0,7,11,0.0000,0.3636,0.6364
National,X,2004,18,0,3,0,0,6,9,0.0000,0.3333,0.6667
National,X,2004,19,0,0,0,0,2,2,0.0000,0.0000,1.0000
National,X,2004,20,0,1,0,0,3,4,0.0000,0.2500,0.7500
National,X,2004,21,0,3,0,0,3,6,0.0000,0.5000,0.5000
National,X,2004,22,0,2,0,0,4,6,0.0000,0.3333,0.6667
National,X,2004,23,0,1,0,0,2,3,0.0000,0.3333,0.6667
National,X,2004,24,0,0,0,0,2,2,0.0000,0.0000,1.0000
National,X,2004,25,0,2,0,0,1,3,0.0000,0.6667,0.3333
National,X,2004,26,0,1,0,0,2,3,0.0000,0.3333,0.6667
National,X,2004,27,0,0,0,0,1,1,0.0000,0.0000,1.0000
National,X,2004,28,0,0,0,0,2,2,0.0000,0.0000,1.0000
National,X,2004,29,0,0,0,0,2,2,0.0000,0.0000,1.0000
National,X,2004,30,0,0,0,0,0,0,0.0000,0.0000,0.0000
National,X,2004,31,0,1,0,0,1,2,0.0000,0.5000,0.5000
National,X,2004,32,0,1,0,0,0,1,0.0000,1.0000,0.0000
National,X,2004,33,0,0,0,0,1,1,0.0000,0.0000,1.0000
National,X,2004,34,0,3,0,0,1,4,0.0000,0.7500,0.2500
National,X,2004,35,0,4,0,0,0,4,0.0000,1.0000,0.0000
National,X,2004,36,0,0,0,0,3,3,0.0000,0.0000,1.0000
National,X,2004,37,0,5,0,0,2,7,0.0000,0.7143,0.2857
National,X,2004,38,0,3,0,0,1,4,0.0000,0.7500,0.2500
National,X,2004,39,0,12,0,0,2,14,0.0000,0.8571,0.1429
National,X,2004,40,0,8,0,0,4,12,0.0000,0.6667,0.3333
National,X,2004,41,0,13,0,0,1,14,0.0000,0.9286,0.0714
National,X,2004,42,0,28,0,0,11,39,0.0000,0.7179,0.2821
National,X,2004,43,0,25,0,0,7,32,0.0000,0.7812,0.2188
National,X,2004,44,0,29,0,0,16,45,0.0000,0.6444,0.3556
National,X,2004,45,0,38,0,0,24,62,0.0000,0.6129,0.3871
National,X,2004,46,0,71,0,0,21,92,0.0000,0.7717,0.2283
National,X,2004,47,0,40,0,0,21,61,0.0000,0.6557,0.3443
National,X,2004,48,0,105,0,0,32,137,0.0000,0.7664,0.2336
National,X,2004,49,0,161,0,0,32,193,0.0000,0.8342,0.1658
National,X,2004,50,2,239,0,0,45,286,0.0070,0.8357,0.1573
National,X,2004,51,3,474,0,0,54,531,0.0056,0.8927,0.1017
National,X,2004,52,0,850,0,0,123,973,0.0000,0.8736,0.1264
National,X,2005,1,5,1114,0,0,166,1285,0.0039,0.8669,0.1292
National,X,2005,2,6,938,0,0,182,1126,0.0053,0.8330,0.1616
National,X,2005,3,7,1264,0,0,212,1483,0.0047,0.8523,0.1430
National,X,2005,4,3,1557,0,0,306,1866,0.0016,0.8344,0.1640
National,X,2005,5,0,1901,0,0,424,2325,0.0000,0.8176,0.1824
National,X,2005,6,7,2086,0,0,478,2571,0.0027,0.8114,0.1859
National,X,2005,7,6,2086,0,0,613,2705,0.0022,0.7712,0.2266
National,X,2005,8,3,1657,0,0,618,2278,0.0013,0.7274,0.2713
National,X,2005,9,0,1178,0,0,520,1698,0.0000,0.6938,0.3062
National,X,2005,10,0,798,0,0,418,1216,0.0000,0.6562,0.3438
National,X,2005,11,0,637,0,0,471,1108,0.0000,0.5749,0.4251
National,X,2005,12,0,406,0,0,463,869,0.0000,0.4672,0.5328
National,X,2005,13,12,212,0,0,343,567,0.0212,0.3739,0.6049
National,X,2005,14,0,143,0,0,212,355,0.0000,0.4028,0.5972
National,X,2005,15,0,53,0,0,123,176,0.0000,0.3011,0.6989
National,X,2005,16,2,46,0,0,75,123,0.0163,0.3740,0.6098
National,X,2005,17,0,27,0,0,42,69,0.0000,0.3913,0.6087
National,X,2005,18,0,18,0,0,33,51,0.0000,0.3529,0.6471
National,X,2005,19,0,18,0,0,19,37,0.0000,0.4865,0.5135
National,X,2005,20,0,23,0,0,16,39,0.0000,0.5897,0.4103
National,X,2005,21,0,12,0,0,19,31,0.0000,0.3871,0.6129
National,X,2005,22,0,8,0,0,15,23,0.0000,0.3478,0.6522
National,X,2005,23,0,4,0,0,8,12,0.0000,0.3333,0.6667
National,X,2005,24,0,5,0,0,10,15,0.0000,0.3333,0.6667
National,X,2005,25,0,6,0,0,5,11,0.0000,0.5455,0.4545
National,X,2005,26,0,6,0,0,1,7,0.0000,0.8571,0.1429
National,X,2005,27,0,1,0,0,4,5,0.0000,0.2000,0.8000
National,X,2005,28,0,0,0,0,2,2,0.0000,0.0000,1.0000
National,X,2005,29,0,1,0,0,2,3,0.0000,0.3333,0.6667
National,X,2005,30,0,1,0,0,1,2,0.0000,0.5000,0.5000
National,X,2005,31,0,0,0,0,0,0,0.0000,0.0000,0.0000
National,X,2005,32,0,4,0,0,0,4,0.0000,1.0000,0.0000
National,X,2005,33,6,0,0,0,0,6,1.0000,0.0000,0.0000
National,X,2005,34,0,4,0,0,0,4,0.0000,1.0000,0.0000
National,X,2005,35,0,5,0,0,1,6,0.0000,0.8333,0.1667
National,X,2005,36,0,1,0,0,0,1,0.0000,1.0000,0.0000
National,X,2005,37,0,4,0,0,1,5,0.0000,0.8000,0.2000
National,X,2005,38,0,2,0,0,0,2,0.0000,1.0000,0.0000
National,X,2005,39,0,6,0,0,1,7,0.0000,0.8571,0.1429
National,X,2005,40,0,10,0,0,1,11,0.0000,0.9091,0.0909
National,X,2005,41,0,10,0,0,2,12,0.0000,0.8333,0.1667
National,X,2005,42,0,20,0,0,5,25,0.0000,0.8000,0.2000
National,X,2005,43,0,12,0,0,2,14,0.0000,0.8571,0.1429
National,X,2005,44,0,20,0,0,3,23,0.0000,0.8696,0.1304
National,X,2005,45,2,34,0,0,7,43,0.0465,0.7907,0.1628
National,X,2005,46,4,39,0,0,4,47,0.0851,0.8298,0.0851
National,X,2005,47,0,49,0,0,3,52,0.0000,0.9423,0.0577
National,X,2005,48,2,112,0,0,2,116,0.0172,0.9655,0.0172
National,X,2005,49,2,204,0,0,8,214,0.0093,0.9533,0.0374
National,X,2005,50,0,394,0,0,5,399,0.0000,0.9875,0.0125
National,X,2005,51,2,678,0,0,11,691,0.0029,0.9812,0.0159
National,X,2005,52,5,758,0,0,23,786,0.0064,0.9644,0.0293
National,X,2006,1,3,725,0,0,24,752,0.0040,0.9641,0.0319
National,X,2006,2,11,810,0,0,22,843,0.0130,0.9609,0.0261
National,X,2006,3,12,842,0,0,29,883,0.0136,0.9536,0.0328
National,X,2006,4,13,1013,0,0,33,1059,0.0123,0.9566,0.0312
National,X,2006,5,21,1078,0,0,74,1173,0.0179,0.9190,0.0631
National,X,2006,6,31,1124,0,0,142,1297,0.0239,0.8666,0.1095
National,X,2006,7,61,1341,0,0,184,1586,0.0385,0.8455,0.1160
National,X,2006,8,58,1325,0,0,242,1625,0.0357,0.8154,0.1489
National,X,2006,9,88,1318,0,0,396,1802,0.0488,0.7314,0.2198
National,X,2006,10,156,1190,0,0,408,1754,0.0889,0.6784,0.2326
National,X,2006,11,119,821,0,0,441,1381,0.0862,0.5945,0.3193
National,X,2006,12,230,528,0,0,432,1190,0.1933,0.4437,0.3630
National,X,2006,13,172,365,0,0,438,975,0.1764,0.3744,0.4492
National,X,2006,14,122,171,0,0,312,605,0.2017,0.2826,0.5157
National,X,2006,15,69,148,0,0,241,458,0.1507,0.3231,0.5262
National,X,2006,16,57,71,0,0,218,346,0.1647,0.2052,0.6301
National,X,2006,17,54,11,0,0,135,200,0.2700,0.0550,0.6750
National,X,2006,18,33,34,0,0,128,195,0.1692,0.1744,0.6564
National,X,2006,19,61,0,0,0,116,177,0.3446,0.0000,0.6554
National,X,2006,20,41,7,0,0,87,135,0.3037,0.0519,0.6444
National,X,2006,21,37,0,0,0,93,130,0.2846,0.0000,0.7154
National,X,2006,22,28,0,0,0,50,78,0.3590,0.0000,0.6410
National,X,2006,23,17,0,0,0,38,55,0.3091,0.0000,0.6909
National,X,2006,24,14,0,0,0,11,25,0.5600,0.0000,0.4400
National,X,2006,25,4,0,0,0,10,14,0.2857,0.0000,0.7143
National,X,2006,26,5,1,0,0,6,12,0.4167,0.0833,0.5000
National,X,2006,27,6,0,0,0,2,8,0.7500,0.0000,0.2500
National,X,2006,28,0,7,0,0,0,7,0.0000,1.0000,0.0000
National,X,2006,29,1,8,0,0,2,11,0.0909,0.7273,0.1818
National,X,2006,30,13,2,0,0,2,17,0.7647,0.1176,0.1176
National,X,2006,31,19,0,0,0,1,20,0.9500,0.0000,0.0500
National,X,2006,32,10,0,0,0,2,12,0.8333,0.0000,0.1667
National,X,2006,33,10,0,0,0,2,12,0.8333,0.0000,0.1667
National,X,2006,34,12,0,0,0,3,15,0.8000,0.0000,0.2000
National,X,2006,35,13,0,0,0,4,17,0.7647,0.0000,0.2353
National,X,2006,36,13,0,0,0,0,13,1.0000,0.0000,0.0000
National,X,2006,37,30,0,0,0,1,31,0.9677,0.0000,0.0323
National,X,2006,38,33,0,0,0,2,35,0.9429,0.0000,0.0571
National,X,2006,39,26,0,0,0,3,29,0.8966,0.0000,0.1034
National,X,2006,40,36,5,0,0,15,56,0.6429,0.0893,0.2679
National,X,2006,41,55,3,0,0,9,67,0.8209,0.0448,0.1343
National,X,2006,42,47,11,0,0,22,80,0.5875,0.1375,0.2750
National,X,2006,43,53,8,0,0,23,84,0.6310,0.0952,0.2738
National,X,2006,44,97,4,0,0,42,143,0.6783,0.0280,0.2937
National,X,2006,45,106,6,0,0,43,155,0.6839,0.0387,0.2774
National,X,2006,46,94,7,0,0,32,133,0.7068,0.0526,0.2406
National,X,2006,47,121,12,0,0,28,161,0.7516,0.0745,0.1739
National,X,2006,48,151,4,0,0,54,209,0.7225,0.0191,0.2584
National,X,2006,49,195,7,0,0,62,264,0.7386,0.0265,0.2348
National,X,2006,50,388,33,0,0,120,541,0.7172,0.0610,0.2218
National,X,2006,51,567,29,0,0,133,729,0.7778,0.0398,0.1824
National,X,2006,52,543,38,0,0,123,704,0.7713,0.0540,0.1747
National,X,2007,1,344,38,0,0,86,468,0.7350,0.0812,0.1838
National,X,2007,2,425,83,0,0,86,594,0.7155,0.1397,0.1448
National,X,2007,3,509,129,0,0,80,718,0.7089,0.1797,0.1114
National,X,2007,4,905,251,0,0,154,1310,0.6908,0.1916,0.1176
National,X,2007,5,1274,372,0,0,203,1849,0.6890,0.2012,0.1098
National,X,2007,6,1673,448,0,0,411,2532,0.6607,0.1769,0.1623
National,X,2007,7,1609,498,0,0,416,2523,0.6377,0.1974,0.1649
National,X,2007,8,1207,634,0,0,526,2367,0.5099,0.2678,0.2222
National,X,2007,9,716,683,0,0,550,1949,0.3674,0.3504,0.2822
National,X,2007,10,514,605,0,0,470,1589,0.3235,0.3807,0.2958
National,X,2007,11,383,540,0,0,430,1353,0.2831,0.3991,0.3178
National,X,2007,12,204,517,0,0,369,1090,0.1872,0.4743,0.3385
National,X,2007,13,141,413,0,0,211,765,0.1843,0.5399,0.2758
National,X,2007,14,89,273,0,0,156,518,0.1718,0.5270,0.3012
National,X,2007,15,54,321,0,0,140,515,0.1049,0.6233,0.2718
National,X,2007,16,53,239,0,0,81,373,0.1421,0.6408,0.2172
National,X,2007,17,34,192,0,0,68,294,0.1156,0.6531,0.2313
National,X,2007,18,23,124,0,0,56,203,0.1133,0.6108,0.2759
National,X,2007,19,14,74,0,0,38,126,0.1111,0.5873,0.3016
National,X,2007,20,7,58,0,0,27,92,0.0761,0.6304,0.2935
National,X,2007,21,8,62,0,0,14,84,0.0952,0.7381,0.1667
National,X,2007,22,5,16,0,0,9,30,0.1667,0.5333,0.3000
National,X,2007,23,3,13,0,0,4,20,0.1500,0.6500,0.2000
National,X,2007,24,0,19,0,0,7,26,0.0000,0.7308,0.2692
National,X,2007,25,5,1,0,0,2,8,0.6250,0.1250,0.2500
National,X,2007,26,0,11,0,0,4,15,0.0000,0.7333,0.2667
National,X,2007,27,5,8,0,0,5,18,0.2778,0.4444,0.2778
National,X,2007,28,7,14,0,0,2,23,0.3043,0.6087,0.0870
National,X,2007,29,9,6,0,0,1,16,0.5625,0.3750,0.0625
National,X,2007,30,23,12,0,0,2,37,0.6216,0.3243,0.0541
National,X,2007,31,5,17,0,0,2,24,0.2083,0.7083,0.0833
National,X,2007,32,21,9,0,0,4,34,0.6176,0.2647,0.1176
National,X,2007,33,15,4,0,0,0,19,0.7895,0.2105,0.0000
National,X,2007,34,22,0,0,0,1,23,0.9565,0.0000,0.0435
National,X,2007,35,23,0,0,0,7,30,0.7667,0.0000,0.2333
National,X,2007,36,24,0,0,0,0,24,1.0000,0.0000,0.0000
National,X,2007,37,21,2,0,0,7,30,0.7000,0.0667,0.2333
National,X,2007,38,25,2,0,0,3,30,0.8333,0.0667,0.1000
National,X,2007,39,15,5,0,0,0,20,0.7500,0.2500,0.0000
National,X,2007,40,35,4,0,0,5,44,0.7955,0.0909,0.1136
National,X,2007,41,38,6,0,0,0,44,0.8636,0.1364,0.0000
National,X,2007,42,41,5,0,0,2,48,0.8542,0.1042,0.0417
National,X,2007,43,40,5,0,0,5,50,0.8000,0.1000,0.1000
National,X,2007,44,63,0,0,0,11,74,0.8514,0.0000,0.1486
National,X,2007,45,47,27,0,0,11,85,0.5529,0.3176,0.1294
National,X,2007,46,68,17,0,0,2,87,0.7816,0.1954,0.0230
National,X,2007,47,120,7,0,0,13,140,0.8571,0.0500,0.0929
National,X,2007,48,118,29,0,0,14,161,0.7329,0.1801,0.0870
National,X,2007,49,123,35,0,0,22,180,0.6833,0.1944,0.1222
National,X,2007,50,131,58,0,0,26,215,0.6093,0.2698,0.1209
National,X,2007,51,186,77,0,0,51,314,0.5924,0.2452,0.1624
National,X,2007,52,271,91,0,0,86,448,0.6049,0.2031,0.1920
National,X,2008,1,294,183,0,0,107,584,0.5034,0.3134,0.1832
National,X,2008,2,448,392,0,0,163,1003,0.4467,0.3908,0.1625
National,X,2008,3,540,564,0,0,209,1313,0.4113,0.4296,0.1592
National,X,2008,4,639,1171,0,0,342,2152,0.2969,0.5441,0.1589
National,X,2008,5,886,2285,0,0,660,3831,0.2313,0.5965,0.1723
National,X,2008,6,944,2997,0,0,930,4871,0.1938,0.6153,0.1909
National,X,2008,7,728,3014,0,0,1085,4827,0.1508,0.6244,0.2248
National,X,2008,8,632,3262,0,0,1383,5277,0.1198,0.6182,0.2621
National,X,2008,9,390,2649,0,0,1412,4451,0.0876,0.5951,0.3172
National,X,2008,10,229,1979,0,0,1387,3595,0.0637,0.5505,0.3858
National,X,2008,11,183,1286,0,0,1095,2564,0.0714,0.5016,0.4271
National,X,2008,12,102,932,0,0,903,1937,0.0527,0.4812,0.4662
National,X,2008,13,42,568,0,0,777,1387,0.0303,0.4095,0.5602
National,X,2008,14,38,350,0,0,511,899,0.0423,0.3893,0.5684
National,X,2008,15,20,186,0,0,416,622,0.0322,0.2990,0.6688
National,X,2008,16,0,115,0,0,234,349,0.0000,0.3295,0.6705
National,X,2008,17,19,41,0,0,131,191,0.0995,0.2147,0.6859
National,X,2008,18,5,42,0,0,79,126,0.0397,0.3333,0.6270
National,X,2008,19,0,22,0,0,43,65,0.0000,0.3385,0.6615
National,X,2008,20,0,18,0,0,20,38,0.0000,0.4737,0.5263
National,X,2008,21,3,11,0,0,15,29,0.1034,0.3793,0.5172
National,X,2008,22,0,9,0,0,10,19,0.0000,0.4737,0.5263
National,X,2008,23,0,12,0,0,5,17,0.0000,0.7059,0.2941
National,X,2008,24,1,4,0,0,7,12,0.0833,0.3333,0.5833
National,X,2008,25,0,5,0,0,2,7,0.0000,0.7143,0.2857
National,X,2008,26,0,0,0,0,6,6,0.0000,0.0000,1.0000
National,X,2008,27,0,1,0,0,3,4,0.0000,0.2500,0.7500
National,X,2008,28,1,1,0,0,4,6,0.1667,0.1667,0.6667
National,X,2008,29,1,1,0,0,2,4,0.2500,0.2500,0.5000
National,X,2008,30,2,8,0,0,0,10,0.2000,0.8000,0.0000
National,X,2008,31,0,3,0,0,4,7,0.0000,0.4286,0.5714
National,X,2008,32,6,0,0,0,1,7,0.8571,0.0000,0.1429
National,X,2008,33,0,0,0,0,1,1,0.0000,0.0000,1.0000
National,X,2008,34,1,2,0,0,3,6,0.1667,0.3333,0.5000
National,X,2008,35,1,1,0,0,3,5,0.2000,0.2000,0.6000
National,X,2008,36,6,0,0,0,0,6,1.0000,0.0000,0.0000
National,X,2008,37,0,9,0,0,2,11,0.0000,0.8182,0.1818
National,X,2008,38,8,9,0,0,3,20,0.4000,0.4500,0.1500
National,X,2008,39,10,0,0,0,2,12,0.8333,0.0000,0.1667
National,X,2008,40,11,0,0,0,6,17,0.6471,0.0000,0.3529
National,X,2008,41,9,8,0,0,6,23,0.3913,0.3478,0.2609
National,X,2008,42,25,6,0,0,6,37,0.6757,0.1622,0.1622
National,X,2008,43,46,0,0,0,15,61,0.7541,0.0000,0.2459
National,X,2008,44,30,7,0,0,6,43,0.6977,0.1628,0.1395
National,X,2008,45,54,5,0,0,12,71,0.7606,0.0704,0.1690
National,X,2008,46,46,4,0,0,12,62,0.7419,0.0645,0.1935
National,X,2008,47,56,2,0,0,26,84,0.6667,0.0238,0.3095
National,X,2008,48,87,2,0,0,20,109,0.7982,0.0183,0.1835
National,X,2008,49,96,13,0,0,18,127,0.7559,0.1024,0.1417
National,X,2008,50,128,19,0,0,42,189,0.6772,0.1005,0.2222
National,X,2008,51,173,40,0,0,60,273,0.6337,0.1465,0.2198
National,X,2008,52,200,40,0,0,45,285,0.7018,0.1404,0.1579
National,X,2008,53,272,43,0,0,50,365,0.7452,0.1178,0.1370
National,X,2009,1,425,85,0,0,79,589,0.7216,0.1443,0.1341
National,X,2009,2,586,71,0,0,103,760,0.7711,0.0934,0.1355
National,X,2009,3,952,133,0,0,190,1275,0.7467,0.1043,0.1490
National,X,2009,4,1388,200,0,0,381,1969,0.7049,0.1016,0.1935
National,X,2009,5,1956,159,0,0,687,2802,0.6981,0.0567,0.2452
National,X,2009,6,2090,170,0,0,947,3207,0.6517,0.0530,0.2953
National,X,2009,7,1824,158,0,0,931,2913,0.6262,0.0542,0.3196
National,X,2009,8,1637,134,0,0,1152,2923,0.5600,0.0458,0.3941
National,X,2009,9,1335,168,0,0,1168,2671,0.4998,0.0629,0.4373
National,X,2009,10,919,166,0,0,1062,2147,0.4280,0.0773,0.4946
National,X,2009,11,726,128,0,0,919,1773,0.4095,0.0722,0.5183
National,X,2009,12,512,86,0,0,631,1229,0.4166,0.0700,0.5134
National,X,2009,13,268,59,0,0,472,799,0.3354,0.0738,0.5907
National,X,2009,14,199,68,0,0,276,543,0.3665,0.1252,0.5083
National,X,2009,15,87,64,0,0,185,336,0.2589,0.1905,0.5506
National,X,2009,16,128,83,0,0,113,324,0.3951,0.2562,0.3488
National,X,2009,17,2552,1160,0,0,800,4512,0.5656,0.2571,0.1773
National,X,2009,18,3639,1082,0,0,486,5207,0.6989,0.2078,0.0933
National,X,2009,19,2513,395,0,0,134,3042,0.8261,0.1298,0.0440
National,X,2009,20,3629,406,0,0,93,4128,0.8791,0.0984,0.0225
National,X,2009,21,4083,390,0,0,42,4515,0.9043,0.0864,0.0093
National,X,2009,22,4798,529,0,0,24,5351,0.8967,0.0989,0.0045
National,X,2009,23,5372,340,0,0,15,5727,0.9380,0.0594,0.0026
National,X,2009,24,5850,281,0,0,9,6140,0.9528,0.0458,0.0015
National,X,2009,25,4279,99,0,0,6,4384,0.9760,0.0226,0.0014
National,X,2009,26,3408,53,0,0,7,3468,0.9827,0.0153,0.0020
National,X,2009,27,3370,55,0,0,7,3432,0.9819,0.0160,0.0020
National,X,2009,28,2662,36,0,0,3,2701,0.9856,0.0133,0.0011
National,X,2009,29,2322,19,0,0,3,2344,0.9906,0.0081,0.0013
National,X,2009,30,2513,14,0,0,4,2531,0.9929,0.0055,0.0016
National,X,2009,31,1983,9,0,0,2,1994,0.9945,0.0045,0.0010
National,X,2009,32,1918,10,0,0,5,1933,0.9922,0.0052,0.0026
National,X,2009,33,2413,23,0,0,1,2437,0.9902,0.0094,0.0004
National,X,2009,34,2527,21,0,0,15,2563,0.9860,0.0082,0.0059
National,X,2009,35,2881,17,0,0,1,2899,0.9938,0.0059,0.0003
National,X,2009,36,3556,10,0,0,10,3576,0.9944,0.0028,0.0028
National,X,2009,37,4263,2,0,0,4,4269,0.9986,0.0005,0.0009
National,X,2009,38,4519,10,0,0,11,4540,0.9954,0.0022,0.0024
National,X,2009,39,4913,6,0,0,12,4931,0.9963,0.0012,0.0024
National,X,2009,40,8018,3,0,0,21,8042,0.9970,0.0004,0.0026
National,X,2009,41,10881,0,0,0,18,10899,0.9983,0.0000,0.0017
National,X,2009,42,12371,6,0,0,32,12409,0.9969,0.0005,0.0026
National,X,2009,43,9978,3,0,0,17,9998,0.9980,0.0003,0.0017
National,X,2009,44,7700,3,0,0,24,7727,0.9965,0.0004,0.0031
National,X,2009,45,5999,3,0,0,14,6016,0.9972,0.0005,0.0023
National,X,2009,46,3616,0,0,0,12,3628,0.9967,0.0000,0.0033
National,X,2009,47,1928,4,0,0,5,1937,0.9954,0.0021,0.0026
National,X,2009,48,1380,0,0,0,30,1410,0.9787,0.0000,0.0213
National,X,2009,49,848,4,0,0,16,868,0.9770,0.0046,0.0184
National,X,2009,50,659,4,0,0,13,676,0.9749,0.0059,0.0192
National,X,2009,51,423,0,0,0,4,427,0.9906,0.0000,0.0094
National,X,2009,52,458,1,0,0,9,468,0.9786,0.0021,0.0192
National,X,2010,1,367,1,0,0,11,379,0.9683,0.0026,0.0290
National,X,2010,2,402,4,0,0,11,417,0.9640,0.0096,0.0264
National,X,2010,3,475,1,0,0,1,477,0.9958,0.0021,0.0021
National,X,2010,4,415,4,0,0,9,428,0.9696,0.0093,0.0210
National,X,2010,5,415,0,0,0,10,425,0.9765,0.0000,0.0235
National,X,2010,6,360,0,0,0,9,369,0.9756,0.0000,0.0244
National,X,2010,7,393,0,0,0,7,400,0.9825,0.0000,0.0175
National,X,2010,8,434,1,0,0,3,438,0.9909,0.0023,0.0068
National,X,2010,9,455,0,0,0,6,461,0.9870,0.0000,0.0130
National,X,2010,10,483,0,0,0,13,496,0.9738,0.0000,0.0262
National,X,2010,11,365,1,0,0,4,370,0.9865,0.0027,0.0108
National,X,2010,12,238,1,0,0,11,250,0.9520,0.0040,0.0440
National,X,2010,13,221,1,0,0,6,228,0.9693,0.0044,0.0263
National,X,2010,14,128,1,0,0,1,130,0.9846,0.0077,0.0077
National,X,2010,15,74,2,0,0,8,84,0.8810,0.0238,0.0952
National,X,2010,16,31,3,0,0,13,47,0.6596,0.0638,0.2766
National,X,2010,17,22,0,0,0,4,26,0.8462,0.0000,0.1538
National,X,2010,18,21,1,0,0,3,25,0.8400,0.0400,0.1200
National,X,2010,19,11,3,0,0,4,18,0.6111,0.1667,0.2222
National,X,2010,20,11,1,0,0,3,15,0.7333,0.0667,0.2000
National,X,2010,21,3,0,0,0,2,5,0.6000,0.0000,0.4000
National,X,2010,22,3,1,0,0,2,6,0.5000,0.1667,0.3333
National,X,2010,23,1,2,0,0,3,6,0.1667,0.3333,0.5000
National,X,2010,24,1,5,0,0,3,9,0.1111,0.5556,0.3333
National,X,2010,25,3,5,0,0,0,8,0.3750,0.6250,0.0000
National,X,2010,26,1,2,0,0,1,4,0.2500,0.5000,0.2500
National,X,2010,27,1,4,0,0,0,5,0.2000,0.8000,0.0000
National,X,2010,28,2,7,0,0,2,11,0.1818,0.6364,0.1818
National,X,2010,29,3,2,0,0,3,8,0.3750,0.2500,0.3750
National,X,2010,30,1,17,0,0,5,23,0.0435,0.7391,0.2174
National,X,2010,31,5,10,0,0,1,16,0.3125,0.6250,0.0625
National,X,2010,32,8,11,0,0,10,29,0.2759,0.3793,0.3448
National,X,2010,33,5,11,0,0,3,19,0.2632,0.5789,0.1579
National,X,2010,34,12,22,0,0,6,40,0.3000,0.5500,0.1500
National,X,2010,35,8,16,0,0,4,28,0.2857,0.5714,0.1429
National,X,2010,36,12,20,0,0,4,36,0.3333,0.5556,0.1111
National,X,2010,37,7,37,0,0,6,50,0.1400,0.7400,0.1200
National,X,2010,38,0,39,0,0,9,48,0.0000,0.8125,0.1875
National,X,2010,39,3,27,0,0,10,40,0.0750,0.6750,0.2500
National,X,2010,40,15,39,0,0,23,77,0.1948,0.5065,0.2987
National,X,2010,41,24,68,0,0,36,128,0.1875,0.5312,0.2812
National,X,2010,42,17,77,0,0,45,139,0.1223,0.5540,0.3237
National,X,2010,43,21,93,0,0,52,166,0.1265,0.5602,0.3133
National,X,2010,44,23,118,0,0,106,247,0.0931,0.4777,0.4291
National,X,2010,45,30,157,0,0,163,350,0.0857,0.4486,0.4657
National,X,2010,46,39,211,0,0,237,487,0.0801,0.4333,0.4867
National,X,2010,47,21,301,0,0,265,587,0.0358,0.5128,0.4514
National,X,2010,48,56,281,0,0,260,597,0.0938,0.4707,0.4355
National,X,2010,49,63,470,0,0,310,843,0.0747,0.5575,0.3677
National,X,2010,50,119,789,0,0,542,1450,0.0821,0.5441,0.3738
National,X,2010,51,169,1188,0,0,689,2046,0.0826,0.5806,0.3368
National,X,2010,52,280,1444,0,0,648,2372,0.1180,0.6088,0.2732
National,X,2011,1,473,1583,0,0,572,2628,0.1800,0.6024,0.2177
National,X,2011,2,754,1645,0,0,585,2984,0.2527,0.5513,0.1960
National,X,2011,3,1089,1880,0,0,741,3710,0.2935,0.5067,0.1997
National,X,2011,4,1437,2038,0,0,972,4447,0.3231,0.4583,0.2186
National,X,2011,5,1718,2067,0,0,1127,4912,0.3498,0.4208,0.2294
National,X,2011,6,1794,2106,0,0,1177,5077,0.3534,0.4148,0.2318
National,X,2011,7,2081,2281,0,0,1354,5716,0.3641,0.3991,0.2369
National,X,2011,8,1680,1773,0,0,1204,4657,0.3607,0.3807,0.2585
National,X,2011,9,1315,1374,0,0,884,3573,0.3680,0.3846,0.2474
National,X,2011,10,942,1133,0,0,691,2766,0.3406,0.4096,0.2498
National,X,2011,11,616,821,0,0,563,2000,0.3080,0.4105,0.2815
National,X,2011,12,365,590,0,0,406,1361,0.2682,0.4335,0.2983
National,X,2011,13,230,387,0,0,293,910,0.2527,0.4253,0.3220
National,X,2011,14,113,269,0,0,254,636,0.1777,0.4230,0.3994
National,X,2011,15,59,182,0,0,159,400,0.1475,0.4550,0.3975
National,X,2011,16,40,79,0,0,86,205,0.1951,0.3854,0.4195
National,X,2011,17,18,52,0,0,63,133,0.1353,0.3910,0.4737
National,X,2011,18,14,30,0,0,25,69,0.2029,0.4348,0.3623
National,X,2011,19,3,18,0,0,15,36,0.0833,0.5000,0.4167
National,X,2011,20,4,9,0,0,13,26,0.1538,0.3462,0.5000
National,X,2011,21,6,7,0,0,5,18,0.3333,0.3889,0.2778
National,X,2011,22,7,0,0,0,6,13,0.5385,0.0000,0.4615
National,X,2011,23,1,1,0,0,4,6,0.1667,0.1667,0.6667
National,X,2011,24,6,3,0,0,0,9,0.6667,0.3333,0.0000
National,X,2011,25,1,1,0,0,3,5,0.2000,0.2000,0.6000
National,X,2011,26,3,0,0,0,1,4,0.7500,0.0000,0.2500
National,X,2011,27,3,1,0,0,1,5,0.6000,0.2000,0.2000
National,X,2011,28,0,5,0,0,4,9,0.0000,0.5556,0.4444
National,X,2011,29,0,5,0,0,5,10,0.0000,0.5000,0.5000
National,X,2011,30,0,3,0,0,1,4,0.0000,0.7500,0.2500
National,X,2011,31,5,3,0,0,3,11,0.4545,0.2727,0.2727
National,X,2011,32,3,8,0,0,2,13,0.2308,0.6154,0.1538
National,X,2011,33,4,9,0,0,3,16,0.2500,0.5625,0.1875
National,X,2011,34,0,11,0,0,6,17,0.0000,0.6471,0.3529
National,X,2011,35,6,8,0,0,1,15,0.4000,0.5333,0.0667
National,X,2011,36,3,8,0,0,2,13,0.2308,0.6154,0.1538
National,X,2011,37,0,17,0,0,4,21,0.0000,0.8095,0.1905
National,X,2011,38,0,13,0,0,8,21,0.0000,0.6190,0.3810
National,X,2011,39,2,27,0,0,6,35,0.0571,0.7714,0.1714
National,X,2011,40,4,20,0,0,9,33,0.1212,0.6061,0.2727
National,X,2011,41,0,11,0,0,8,19,0.0000,0.5789,0.4211
National,X,2011,42,3,17,0,0,8,28,0.1071,0.6071,0.2857
National,X,2011,43,0,32,0,0,12,44,0.0000,0.7273,0.2727
National,X,2011,44,2,28,0,0,9,39,0.0513,0.7179,0.2308
National,X,2011,45,4,30,0,0,15,49,0.0816,0.6122,0.3061
National,X,2011,46,0,32,0,0,12,44,0.0000,0.7273,0.2727
National,X,2011,47,6,50,0,0,19,75,0.0800,0.6667,0.2533
National,X,2011,48,3,52,0,0,17,72,0.0417,0.7222,0.2361
National,X,2011,49,10,78,0,0,20,108,0.0926,0.7222,0.1852
National,X,2011,50,6,107,0,0,20,133,0.0451,0.8045,0.1504
National,X,2011,51,11,162,0,0,24,197,0.0558,0.8223,0.1218
National,X,2011,52,6,158,0,0,18,182,0.0330,0.8681,0.0989
National,X,2012,1,22,139,0,0,22,183,0.1202,0.7596,0.1202
National,X,2012,2,39,181,0,0,15,235,0.1660,0.7702,0.0638
National,X,2012,3,62,240,0,0,18,320,0.1938,0.7500,0.0563
National,X,2012,4,109,332,0,0,32,473,0.2304,0.7019,0.0677
National,X,2012,5,165,472,0,0,43,680,0.2426,0.6941,0.0632
National,X,2012,6,215,538,0,0,56,809,0.2658,0.6650,0.0692
National,X,2012,7,318,694,0,0,71,1083,0.2936,0.6408,0.0656
National,X,2012,8,432,933,0,0,78,1443,0.2994,0.6466,0.0541
National,X,2012,9,631,1278,0,0,112,2021,0.3122,0.6324,0.0554
National,X,2012,10,687,1574,0,0,123,2384,0.2882,0.6602,0.0516
National,X,2012,11,754,1757,0,0,199,2710,0.2782,0.6483,0.0734
National,X,2012,12,569,1389,0,0,237,2195,0.2592,0.6328,0.1080
National,X,2012,13,411,951,0,0,244,1606,0.2559,0.5922,0.1519
National,X,2012,14,358,845,0,0,275,1478,0.2422,0.5717,0.1861
National,X,2012,15,239,752,0,0,298,1289,0.1854,0.5834,0.2312
National,X,2012,16,155,705,0,0,314,1174,0.1320,0.6005,0.2675
National,X,2012,17,100,486,0,0,274,860,0.1163,0.5651,0.3186
National,X,2012,18,71,400,0,0,252,723,0.0982,0.5533,0.3485
National,X,2012,19,44,306,0,0,266,616,0.0714,0.4968,0.4318
National,X,2012,20,32,222,0,0,254,508,0.0630,0.4370,0.5000
National,X,2012,21,20,136,0,0,260,416,0.0481,0.3269,0.6250
National,X,2012,22,5,132,0,0,228,365,0.0137,0.3616,0.6247
National,X,2012,23,13,83,0,0,197,293,0.0444,0.2833,0.6724
National,X,2012,24,4,106,0,0,179,289,0.0138,0.3668,0.6194
National,X,2012,25,4,64,0,0,103,171,0.0234,0.3743,0.6023
National,X,2012,26,0,39,0,0,113,152,0.0000,0.2566,0.7434
National,X,2012,27,2,32,0,0,59,93,0.0215,0.3441,0.6344
National,X,2012,28,6,46,1,0,41,94,0.0638,0.4894,0.4362
National,X,2012,29,0,29,0,0,48,77,0.0000,0.3766,0.6234
National,X,2012,30,2,60,11,0,32,105,0.0190,0.5714,0.3048
National,X,2012,31,1,69,102,0,33,205,0.0049,0.3366,0.1610
National,X,2012,32,1,68,79,0,25,173,0.0058,0.3931,0.1445
National,X,2012,33,7,76,58,0,27,168,0.0417,0.4524,0.1607
National,X,2012,34,8,63,19,0,23,113,0.0708,0.5575,0.2035
National,X,2012,35,1,48,16,0,19,84,0.0119,0.5714,0.2262
National,X,2012,36,1,49,7,0,32,89,0.0112,0.5506,0.3596
National,X,2012,37,0,26,3,0,44,73,0.0000,0.3562,0.6027
National,X,2012,38,7,59,0,0,42,108,0.0648,0.5463,0.3889
National,X,2012,39,10,57,0,0,64,131,0.0763,0.4351,0.4885
National,X,2012,40,10,83,0,0,78,171,0.0585,0.4854,0.4561
National,X,2012,41,9,89,0,0,95,193,0.0466,0.4611,0.4922
National,X,2012,42,5,178,0,0,122,305,0.0164,0.5836,0.4000
National,X,2012,43,4,203,0,0,141,348,0.0115,0.5833,0.4052
National,X,2012,44,6,265,0,0,154,425,0.0141,0.6235,0.3624
National,X,2012,45,7,391,0,0,231,629,0.0111,0.6216,0.3672
National,X,2012,46,12,616,3,0,267,898,0.0134,0.6860,0.2973
National,X,2012,47,12,993,0,0,364,1369,0.0088,0.7253,0.2659
National,X,2012,48,29,1557,0,0,503,2089,0.0139,0.7453,0.2408
National,X,2012,49,60,2769,0,0,693,3522,0.0170,0.7862,0.1968
National,X,2012,50,77,3864,0,0,856,4797,0.0161,0.8055,0.1784
National,X,2012,51,76,5101,0,0,1154,6331,0.0120,0.8057,0.1823
National,X,2012,52,128,5543,0,0,1199,6870,0.0186,0.8068,0.1745
National,X,2013,1,144,5654,0,0,1146,6944,0.0207,0.8142,0.1650
National,X,2013,2,191,6174,0,0,1237,7602,0.0251,0.8122,0.1627
National,X,2013,3,199,5052,0,0,1142,6393,0.0311,0.7902,0.1786
National,X,2013,4,235,4097,0,0,1189,5521,0.0426,0.7421,0.2154
National,X,2013,5,215,2931,0,0,1158,4304,0.0500,0.6810,0.2691
National,X,2013,6,192,1914,0,0,1188,3294,0.0583,0.5811,0.3607
National,X,2013,7,123,1333,0,0,1194,2650,0.0464,0.5030,0.4506
National,X,2013,8,125,925,0,0,1225,2275,0.0549,0.4066,0.5385
National,X,2013,9,99,687,0,0,1181,1967,0.0503,0.3493,0.6004
National,X,2013,10,108,509,0,0,1204,1821,0.0593,0.2795,0.6612
National,X,2013,11,87,375,0,0,1155,1617,0.0538,0.2319,0.7143
National,X,2013,12,60,299,0,0,1017,1376,0.0436,0.2173,0.7391
National,X,2013,13,65,198,0,0,853,1116,0.0582,0.1774,0.7643
National,X,2013,14,51,207,0,0,687,945,0.0540,0.2190,0.7270
National,X,2013,15,75,107,0,0,489,671,0.1118,0.1595,0.7288
National,X,2013,16,43,113,0,0,332,488,0.0881,0.2316,0.6803
National,X,2013,17,51,91,0,0,249,391,0.1304,0.2327,0.6368
National,X,2013,18,25,77,0,0,222,324,0.0772,0.2377,0.6852
National,X,2013,19,20,56,0,0,166,242,0.0826,0.2314,0.6860
National,X,2013,20,18,39,0,0,126,183,0.0984,0.2131,0.6885
National,X,2013,21,23,33,0,0,123,179,0.1285,0.1844,0.6872
National,X,2013,22,28,28,0,0,95,151,0.1854,0.1854,0.6291
National,X,2013,23,29,27,0,0,82,138,0.2101,0.1957,0.5942
National,X,2013,24,41,24,0,0,63,128,0.3203,0.1875,0.4922
National,X,2013,25,50,21,3,0,55,129,0.3876,0.1628,0.4264
National,X,2013,26,52,8,9,0,28,97,0.5361,0.0825,0.2887
National,X,2013,27,29,23,7,0,25,84,0.3452,0.2738,0.2976
National,X,2013,28,37,49,0,0,14,100,0.3700,0.4900,0.1400
National,X,2013,29,36,22,2,0,14,74,0.4865,0.2973,0.1892
National,X,2013,30,36,20,2,0,10,68,0.5294,0.2941,0.1471
National,X,2013,31,41,25,3,0,20,89,0.4607,0.2809,0.2247
National,X,2013,32,47,19,0,0,12,78,0.6026,0.2436,0.1538
National,X,2013,33,44,8,0,0,12,64,0.6875,0.1250,0.1875
National,X,2013,34,40,14,3,0,3,60,0.6667,0.2333,0.0500
National,X,2013,35,101,10,2,0,10,123,0.8211,0.0813,0.0813
National,X,2013,36,82,20,0,0,13,115,0.7130,0.1739,0.1130
National,X,2013,37,101,14,0,0,7,122,0.8279,0.1148,0.0574
National,X,2013,38,84,18,0,0,22,124,0.6774,0.1452,0.1774
National,X,2013,39,140,28,0,0,20,188,0.7447,0.1489,0.1064
National,X,2013,40,138,26,2,0,28,194,0.7113,0.1340,0.1443
National,X,2013,41,139,58,0,0,32,229,0.6070,0.2533,0.1397
National,X,2013,42,120,39,0,0,26,185,0.6486,0.2108,0.1405
National,X,2013,43,151,43,0,0,14,208,0.7260,0.2067,0.0673
National,X,2013,44,193,57,0,0,43,293,0.6587,0.1945,0.1468
National,X,2013,45,301,56,0,0,43,400,0.7525,0.1400,0.1075
National,X,2013,46,447,34,0,0,37,518,0.8629,0.0656,0.0714
National,X,2013,47,628,32,0,0,57,717,0.8759,0.0446,0.0795
National,X,2013,48,809,47,0,0,42,898,0.9009,0.0523,0.0468
National,X,2013,49,1597,53,0,0,69,1719,0.9290,0.0308,0.0401
National,X,2013,50,2112,89,0,0,52,2253,0.9374,0.0395,0.0231
National,X,2013,51,3801,87,0,0,67,3955,0.9611,0.0220,0.0169
National,X,2013,52,4726,74,0,0,93,4893,0.9659,0.0151,0.0190
National,X,2014,1,4979,120,0,0,88,5187,0.9599,0.0231,0.0170
National,X,2014,2,4822,144,0,0,91,5057,0.9535,0.0285,0.0180
National,X,2014,3,4380,169,0,0,131,4680,0.9359,0.0361,0.0280
National,X,2014,4,3635,182,0,0,185,4002,0.9083,0.0455,0.0462
National,X,2014,5,2685,130,0,0,175,2990,0.8980,0.0435,0.0585
National,X,2014,6,2085,173,0,0,219,2477,0.8417,0.0698,0.0884
National,X,2014,7,1582,142,0,0,227,1951,0.8109,0.0728,0.1164
National,X,2014,8,1143,127,0,0,248,1518,0.7530,0.0837,0.1634
National,X,2014,9,803,141,0,0,274,1218,0.6593,0.1158,0.2250
National,X,2014,10,579,143,0,0,301,1023,0.5660,0.1398,0.2942
National,X,2014,11,468,184,0,0,334,986,0.4746,0.1866,0.3387
National,X,2014,12,319,247,0,0,464,1030,0.3097,0.2398,0.4505
National,X,2014,13,242,286,0,0,525,1053,0.2298,0.2716,0.4986
National,X,2014,14,164,334,0,0,595,1093,0.1500,0.3056,0.5444
National,X,2014,15,88,362,0,0,624,1074,0.0819,0.3371,0.5810
National,X,2014,16,55,341,0,0,516,912,0.0603,0.3739,0.5658
National,X,2014,17,55,300,0,0,469,824,0.0667,0.3641,0.5692
National,X,2014,18,23,272,0,0,447,742,0.0310,0.3666,0.6024
National,X,2014,19,16,227,0,0,354,597,0.0268,0.3802,0.5930
National,X,2014,20,14,215,0,0,322,551,0.0254,0.3902,0.5844
National,X,2014,21,6,165,0,0,236,407,0.0147,0.4054,0.5799
National,X,2014,22,5,193,0,0,225,423,0.0118,0.4563,0.5319
National,X,2014,23,5,146,0,0,160,311,0.0161,0.4695,0.5145
National,X,2014,24,4,150,0,0,140,294,0.0136,0.5102,0.4762
National,X,2014,25,5,110,0,0,113,228,0.0219,0.4825,0.4956
National,X,2014,26,2,72,0,0,100,174,0.0115,0.4138,0.5747
National,X,2014,27,3,72,0,0,83,158,0.0190,0.4557,0.5253
National,X,2014,28,4,83,0,0,66,153,0.0261,0.5425,0.4314
National,X,2014,29,0,60,0,0,61,121,0.0000,0.4959,0.5041
National,X,2014,30,3,64,0,0,50,117,0.0256,0.5470,0.4274
National,X,2014,31,3,77,0,0,27,107,0.0280,0.7196,0.2523
National,X,2014,32,7,57,1,0,23,88,0.0795,0.6477,0.2614
National,X,2014,33,1,75,0,0,36,112,0.0089,0.6696,0.3214
National,X,2014,34,4,63,1,0,42,110,0.0364,0.5727,0.3818
National,X,2014,35,8,86,0,0,42,136,0.0588,0.6324,0.3088
National,X,2014,36,11,72,0,0,34,117,0.0940,0.6154,0.2906
National,X,2014,37,1,99,0,0,31,131,0.0076,0.7557,0.2366
National,X,2014,38,8,110,0,0,53,171,0.0468,0.6433,0.3099
National,X,2014,39,2,137,0,0,65,204,0.0098,0.6716,0.3186
National,X,2014,40,4,195,0,0,110,309,0.0129,0.6311,0.3560
National,X,2014,41,11,268,0,0,160,439,0.0251,0.6105,0.3645
National,X,2014,42,12,406,2,0,164,584,0.0205,0.6952,0.2808
National,X,2014,43,10,407,0,0,127,544,0.0184,0.7482,0.2335
National,X,2014,44,8,583,0,0,136,727,0.0110,0.8019,0.1871
National,X,2014,45,12,989,0,0,155,1156,0.0104,0.8555,0.1341
National,X,2014,46,16,1254,0,0,147,1417,0.0113,0.8850,0.1037
National,X,2014,47,11,2229,0,0,163,2403,0.0046,0.9276,0.0678
National,X,2014,48,18,3406,0,0,200,3624,0.0050,0.9398,0.0552
National,X,2014,49,25,5056,0,0,249,5330,0.0047,0.9486,0.0467
National,X,2014,50,12,7864,0,0,315,8191,0.0015,0.9601,0.0385
National,X,2014,51,9,11136,0,0,325,11470,0.0008,0.9709,0.0283
National,X,2014,52,24,13382,0,0,392,13798,0.0017,0.9699,0.0284
National,X,2014,53,21,10944,0,0,409,11374,0.0018,0.9622,0.0360
National,X,2015,1,20,8854,0,0,372,9246,0.0022,0.9576,0.0402
National,X,2015,2,16,8159,0,0,473,8648,0.0019,0.9435,0.0547
National,X,2015,3,8,7427,0,0,548,7983,0.0010,0.9304,0.0686
National,X,2015,4,20,6255,0,0,606,6881,0.0029,0.9090,0.0881
National,X,2015,5,18,4881,0,0,723,5622,0.0032,0.8682,0.1286
National,X,2015,6,13,3315,0,0,869,4197,0.0031,0.7898,0.2071
National,X,2015,7,19,2341,0,0,1010,3370,0.0056,0.6947,0.2997
National,X,2015,8,32,1680,0,0,1127,2839,0.0113,0.5918,0.3970
National,X,2015,9,9,1328,0,0,1352,2689,0.0033,0.4939,0.5028
National,X,2015,10,15,856,0,0,1656,2527,0.0059,0.3387,0.6553
National,X,2015,11,4,640,0,0,1565,2209,0.0018,0.2897,0.7085
National,X,2015,12,13,418,0,0,1479,1910,0.0068,0.2188,0.7743
National,X,2015,13,7,284,0,0,1377,1668,0.0042,0.1703,0.8255
National,X,2015,14,17,185,0,0,1272,1474,0.0115,0.1255,0.8630
National,X,2015,15,26,132,0,0,969,1127,0.0231,0.1171,0.8598
National,X,2015,16,4,86,0,0,683,773,0.0052,0.1113,0.8836
National,X,2015,17,9,57,0,0,544,610,0.0148,0.0934,0.8918
National,X,2015,18,5,28,0,0,494,527,0.0095,0.0531,0.9374
National,X,2015,19,5,39,0,0,340,384,0.0130,0.1016,0.8854
National,X,2015,20,2,39,0,0,267,308,0.0065,0.1266,0.8669
National,X,2015,21,2,40,0,0,184,226,0.0088,0.1770,0.8142
National,X,2015,22,0,42,0,0,152,194,0.0000,0.2165,0.7835
National,X,2015,23,2,47,0,0,129,178,0.0112,0.2640,0.7247
National,X,2015,24,3,71,0,0,78,152,0.0197,0.4671,0.5132
National,X,2015,25,0,75,0,0,46,121,0.0000,0.6198,0.3802
National,X,2015,26,3,93,0,0,33,129,0.0233,0.7209,0.2558
National,X,2015,27,6,56,1,0,36,99,0.0606,0.5657,0.3636
National,X,2015,28,4,45,0,0,37,86,0.0465,0.5233,0.4302
National,X,2015,29,3,49,0,0,21,73,0.0411,0.6712,0.2877
National,X,2015,30,0,64,0,0,9,73,0.0000,0.8767,0.1233
National,X,2015,31,6,69,0,0,18,93,0.0645,0.7419,0.1935
National,X,2015,32,5,62,0,0,14,81,0.0617,0.7654,0.1728
National,X,2015,33,3,79,0,0,16,98,0.0306,0.8061,0.1633
National,X,2015,34,5,75,0,0,20,100,0.0500,0.7500,0.2000
National,X,2015,35,5,105,0,0,29,139,0.0360,0.7554,0.2086
National,X,2015,36,1,109,0,0,38,148,0.0068,0.7365,0.2568
National,X,2015,37,6,145,0,0,47,198,0.0303,0.7323,0.2374
National,X,2015,38,2,119,0,0,46,167,0.0120,0.7126,0.2754
National,X,2015,39,12,131,0,0,59,202,0.0594,0.6485,0.2921
National,X,2015,40,4,67,0,0,11,82,0.0488,0.8171,0.1341
National,X,2015,41,5,43,0,0,10,58,0.0862,0.7414,0.1724
National,X,2015,42,10,51,0,0,13,74,0.1351,0.6892,0.1757
National,X,2015,43,10,34,0,0,14,58,0.1724,0.5862,0.2414
National,X,2015,44,5,26,0,0,14,45,0.1111,0.5778,0.3111
National,X,2015,45,11,35,0,0,16,62,0.1774,0.5645,0.2581
National,X,2015,46,17,43,0,0,8,68,0.2500,0.6324,0.1176
National,X,2015,47,17,24,0,0,16,57,0.2982,0.4211,0.2807
National,X,2015,48,28,38,0,0,24,90,0.3111,0.4222,0.2667
National,X,2015,49,40,38,0,0,24,102,0.3922,0.3725,0.2353
National,X,2015,50,69,39,0,0,33,141,0.4894,0.2766,0.2340
National,X,2015,51,90,33,0,0,43,166,0.5422,0.1988,0.2590
National,X,2015,52,147,56,0,0,57,260,0.5654,0.2154,0.2192
National,X,2016,1,234,68,0,0,78,380,0.6158,0.1789,0.2053
National,X,2016,2,260,90,0,0,130,480,0.5417,0.1875,0.2708
National,X,2016,3,371,103,0,0,153,627,0.5917,0.1643,0.2440
National,X,2016,4,538,163,0,0,229,930,0.5785,0.1753,0.2462
National,X,2016,5,682,174,0,0,303,1159,0.5884,0.1501,0.2614
National,X,2016,6,904,240,0,0,438,1582,0.5714,0.1517,0.2769
National,X,2016,7,1356,259,0,0,591,2206,0.6147,0.1174,0.2679
National,X,2016,8,1697,235,0,0,754,2686,0.6318,0.0875,0.2807
National,X,2016,9,1913,318,0,0,701,2932,0.6525,0.1085,0.2391
National,X,2016,10,2214,319,0,0,741,3274,0.6762,0.0974,0.2263
National,X,2016,11,1535,216,0,0,617,2368,0.6482,0.0912,0.2606
National,X,2016,12,1074,201,0,0,509,1784,0.6020,0.1127,0.2853
National,X,2016,13,834,186,0,0,546,1566,0.5326,0.1188,0.3487
National,X,2016,14,560,142,0,0,442,1144,0.4895,0.1241,0.3864
National,X,2016,15,395,121,0,0,398,914,0.4322,0.1324,0.4354
National,X,2016,16,287,132,0,0,407,826,0.3475,0.1598,0.4927
National,X,2016,17,170,100,0,0,291,561,0.3030,0.1783,0.5187
National,X,2016,18,78,60,0,0,215,353,0.2210,0.1700,0.6091
National,X,2016,19,54,63,0,0,160,277,0.1949,0.2274,0.5776
National,X,2016,20,36,80,0,0,108,224,0.1607,0.3571,0.4821
National,X,2016,21,17,45,0,0,84,146,0.1164,0.3082,0.5753
National,X,2016,22,4,14,0,0,73,91,0.0440,0.1538,0.8022
National,X,2016,23,5,16,0,0,37,58,0.0862,0.2759,0.6379
National,X,2016,24,7,18,0,0,22,47,0.1489,0.3830,0.4681
National,X,2016,25,5,22,0,0,30,57,0.0877,0.3860,0.5263
National,X,2016,26,3,21,0,0,19,43,0.0698,0.4884,0.4419
National,X,2016,27,2,18,0,0,19,39,0.0513,0.4615,0.4872
National,X,2016,28,1,22,0,0,16,39,0.0256,0.5641,0.4103
National,X,2016,29,2,19,0,0,14,35,0.0571,0.5429,0.4000
National,X,2016,30,2,38,1,0,14,55,0.0364,0.6909,0.2545
National,X,2016,31,1,47,3,0,5,56,0.0179,0.8393,0.0893
National,X,2016,32,6,28,10,0,16,60,0.1000,0.4667,0.2667
National,X,2016,33,1,29,4,0,11,45,0.0222,0.6444,0.2444
National,X,2016,34,5,28,0,0,10,43,0.1163,0.6512,0.2326
National,X,2016,35,7,33,0,0,11,51,0.1373,0.6471,0.2157
National,X,2016,36,3,45,0,0,10,58,0.0517,0.7759,0.1724
National,X,2016,37,8,57,0,0,20,85,0.0941,0.6706,0.2353
National,X,2016,38,6,77,0,0,16,99,0.0606,0.7778,0.1616
National,X,2016,39,5,74,0,0,16,95,0.0526,0.7789,0.1684
National,X,2016,40,9,87,0,0,10,106,0.0849,0.8208,0.0943
National,X,2016,41,11,81,0,0,16,108,0.1019,0.7500,0.1481
National,X,2016,42,12,136,0,0,19,167,0.0719,0.8144,0.1138
National,X,2016,43,13,131,0,0,12,156,0.0833,0.8397,0.0769
National,X,2016,44,12,125,0,0,20,157,0.0764,0.7962,0.1274
National,X,2016,45,5,156,0,0,12,173,0.0289,0.9017,0.0694
National,X,2016,46,9,191,0,0,21,221,0.0407,0.8643,0.0950
National,X,2016,47,5,178,0,0,17,200,0.0250,0.8900,0.0850
National,X,2016,48,13,329,0,0,40,382,0.0340,0.8613,0.1047
National,X,2016,49,14,482,0,0,30,526,0.0266,0.9163,0.0570
National,X,2016,50,18,759,0,0,61,838,0.0215,0.9057,0.0728
National,X,2016,51,29,1027,0,0,82,1138,0.0255,0.9025,0.0721
National,X,2016,52,33,1706,0,0,109,1848,0.0179,0.9232,0.0590
National,X,2017,1,53,2080,0,0,126,2259,0.0235,0.9208,0.0558
National,X,2017,2,50,2239,0,0,150,2439,0.0205,0.9180,0.0615
National,X,2017,3,58,2276,0,0,199,2533,0.0229,0.8985,0.0786
National,X,2017,4,48,2459,0,0,224,2731,0.0176,0.9004,0.0820
National,X,2017,5,52,2625,0,0,328,3005,0.0173,0.8735,0.1092
National,X,2017,6,72,2997,0,0,413,3482,0.0207,0.8607,0.1186
National,X,2017,7,68,2634,0,0,556,3258,0.0209,0.8085,0.1707
National,X,2017,8,87,2376,0,0,605,3068,0.0284,0.7744,0.1972
National,X,2017,9,54,1505,0,0,609,2168,0.0249,0.6942,0.2809
National,X,2017,10,51,1270,0,0,634,1955,0.0261,0.6496,0.3243
National,X,2017,11,28,920,0,0,705,1653,0.0169,0.5566,0.4265
National,X,2017,12,31,847,0,0,840,1718,0.0180,0.4930,0.4889
National,X,2017,13,27,658,0,0,937,1622,0.0166,0.4057,0.5777
National,X,2017,14,17,378,0,0,700,1095,0.0155,0.3452,0.6393
National,X,2017,15,5,222,0,0,530,757,0.0066,0.2933,0.7001
National,X,2017,16,11,146,0,0,385,542,0.0203,0.2694,0.7103
National,X,2017,17,7,135,0,0,281,423,0.0165,0.3191,0.6643
National,X,2017,18,5,85,0,0,203,293,0.0171,0.2901,0.6928
National,X,2017,19,3,99,0,0,191,293,0.0102,0.3379,0.6519
National,X,2017,20,5,64,0,0,180,249,0.0201,0.2570,0.7229
National,X,2017,21,6,41,0,0,129,176,0.0341,0.2330,0.7330
National,X,2017,22,1,39,0,0,128,168,0.0060,0.2321,0.7619
National,X,2017,23,5,33,0,0,104,142,0.0352,0.2324,0.7324
National,X,2017,24,8,44,0,0,65,117,0.0684,0.3761,0.5556
National,X,2017,25,5,40,0,0,50,95,0.0526,0.4211,0.5263
National,X,2017,26,5,40,0,0,32,77,0.0649,0.5195,0.4156
National,X,2017,27,10,29,0,0,18,57,0.1754,0.5088,0.3158
National,X,2017,28,4,31,2,0,25,62,0.0645,0.5000,0.4032
National,X,2017,29,8,26,9,0,16,59,0.1356,0.4407,0.2712
National,X,2017,30,8,34,0,0,25,67,0.1194,0.5075,0.3731
National,X,2017,31,8,41,5,0,11,65,0.1231,0.6308,0.1692
National,X,2017,32,6,43,1,0,27,77,0.0779,0.5584,0.3506
National,X,2017,33,5,35,0,0,10,50,0.1000,0.7000,0.2000
National,X,2017,34,6,56,0,0,20,82,0.0732,0.6829,0.2439
National,X,2017,35,18,65,0,0,7,90,0.2000,0.7222,0.0778
National,X,2017,36,12,107,0,0,16,135,0.0889,0.7926,0.1185
National,X,2017,37,8,109,0,0,33,150,0.0533,0.7267,0.2200
National,X,2017,38,2,104,17,0,29,152,0.0132,0.6842,0.1908
National,X,2017,39,10,120,24,0,13,167,0.0599,0.7186,0.0778
National,X,2017,40,13,126,1,0,21,161,0.0807,0.7826,0.1304
National,X,2017,41,15,150,0,0,23,188,0.0798,0.7979,0.1223
National,X,2017,42,14,173,0,0,14,201,0.0697,0.8607,0.0697
National,X,2017,43,29,201,0,0,35,265,0.1094,0.7585,0.1321
National,X,2017,44,25,263,0,0,56,344,0.0727,0.7645,0.1628
National,X,2017,45,29,316,0,0,49,394,0.0736,0.8020,0.1244
National,X,2017,46,56,407,0,0,95,558,0.1004,0.7294,0.1703
National,X,2017,47,41,492,0,0,75,608,0.0674,0.8092,0.1234
National,X,2017,48,62,797,1,0,136,996,0.0622,0.8002,0.1365
National,X,2017,49,72,1059,0,0,150,1281,0.0562,0.8267,0.1171
National,X,2017,50,138,1525,0,0,249,1912,0.0722,0.7976,0.1302
National,X,2017,51,242,2508,0,0,375,3125,0.0774,0.8026,0.1200
National,X,2017,52,281,3011,0,0,507,3799,0.0740,0.7926,0.1335
National,X,2018,1,323,3331,0,0,673,4327,0.0746,0.7698,0.1555
National,X,2018,2,400,3399,0,0,739,4538,0.0881,0.7490,0.1628
National,X,2018,3,412,2771,0,0,772,3955,0.1042,0.7006,0.1952
National,X,2018,4,546,2781,0,0,1007,4334,0.1260,0.6417,0.2323
National,X,2018,5,549,2528,0,0,1201,4278,0.1283,0.5909,0.2807
National,X,2018,6,551,2065,0,0,1373,3989,0.1381,0.5177,0.3442
National,X,2018,7,501,1529,0,0,1297,3327,0.1506,0.4596,0.3898
National,X,2018,8,310,1088,0,0,1252,2650,0.1170,0.4106,0.4725
National,X,2018,9,250,596,0,0,991,1837,0.1361,0.3244,0.5395
National,X,2018,10,150,430,0,0,906,1486,0.1009,0.2894,0.6097
National,X,2018,11,198,292,0,0,786,1276,0.1552,0.2288,0.6160
National,X,2018,12,123,241,0,0,648,1012,0.1215,0.2381,0.6403
National,X,2018,13,135,225,0,0,624,984,0.1372,0.2287,0.6341
National,X,2018,14,123,167,0,0,531,821,0.1498,0.2034,0.6468
National,X,2018,15,102,103,0,0,391,596,0.1711,0.1728,0.6560
National,X,2018,16,51,86,0,0,299,436,0.1170,0.1972,0.6858
National,X,2018,17,57,53,0,0,219,329,0.1733,0.1611,0.6657
National,X,2018,18,41,32,0,0,174,247,0.1660,0.1296,0.7045
National,X,2018,19,16,20,0,0,82,118,0.1356,0.1695,0.6949
National,X,2018,20,16,10,0,0,43,69,0.2319,0.1449,0.6232
National,X,2018,21,18,6,0,0,32,56,0.3214,0.1071,0.5714
National,X,2018,22,8,5,0,0,15,28,0.2857,0.1786,0.5357
National,X,2018,23,7,3,0,0,15,25,0.2800,0.1200,0.6000
National,X,2018,24,6,3,0,0,13,22,0.2727,0.1364,0.5909
National,X,2018,25,1,3,1,0,9,14,0.0714,0.2143,0.6429
National,X,2018,26,2,6,0,0,1,9,0.2222,0.6667,0.1111
National,X,2018,27,9,5,0,0,7,21,0.4286,0.2381,0.3333
National,X,2018,28,8,9,0,0,6,23,0.3478,0.3913,0.2609
National,X,2018,29,15,5,0,0,9,29,0.5172,0.1724,0.3103
National,X,2018,30,12,4,0,0,2,18,0.6667,0.2222,0.1111
National,X,2018,31,8,12,0,0,1,21,0.3810,0.5714,0.0476
National,X,2018,32,8,11,0,0,3,22,0.3636,0.5000,0.1364
National,X,2018,33,7,13,0,0,3,23,0.3043,0.5652,0.1304
National,X,2018,34,20,23,0,0,2,45,0.4444,0.5111,0.0444
National,X,2018,35,10,6,0,0,2,18,0.5556,0.3333,0.1111
National,X,2018,36,17,17,0,0,2,36,0.4722,0.4722,0.0556
National,X,2018,37,29,14,0,0,6,49,0.5918,0.2857,0.1224
National,X,2018,38,23,18,0,0,5,46,0.5000,0.3913,0.1087
National,X,2018,39,20,13,0,0,3,36,0.5556,0.3611,0.0833
National,X,2018,40,35,13,0,0,18,66,0.5303,0.1970,0.2727
National,X,2018,41,59,12,0,0,13,84,0.7024,0.1429,0.1548
National,X,2018,42,61,26,0,0,17,104,0.5865,0.2500,0.1635
National,X,2018,43,78,36,0,0,16,130,0.6000,0.2769,0.1231
National,X,2018,44,86,24,0,0,10,120,0.7167,0.2000,0.0833
National,X,2018,45,129,30,0,0,16,175,0.7371,0.1714,0.0914
National,X,2018,46,157,44,0,0,5,206,0.7621,0.2136,0.0243
National,X,2018,47,223,56,0,0,8,287,0.7770,0.1951,0.0279
National,X,2018,48,336,66,0,0,13,415,0.8096,0.1590,0.0313
National,X,2018,49,372,93,0,0,17,482,0.7718,0.1929,0.0353
National,X,2018,50,691,170,0,0,16,877,0.7879,0.1938,0.0182
National,X,2018,51,1180,262,0,0,37,1479,0.7978,0.1771,0.0250
National,X,2018,52,1336,294,0,0,35,1665,0.8024,0.1766,0.0210
National,X,2019,1,1311,338,0,0,31,1680,0.7804,0.2012,0.0185
National,X,2019,2,1516,247,0,0,36,1799,0.8427,0.1373,0.0200
National,X,2019,3,1571,391,0,0,42,2004,0.7839,0.1951,0.0210
National,X,2019,4,1637,542,0,0,47,2226,0.7354,0.2435,0.0211
National,X,2019,5,1728,831,0,0,54,2613,0.6613,0.3180,0.0207
National,X,2019,6,1925,1231,0,0,47,3203,0.6010,0.3843,0.0147
National,X,2019,7,1739,1332,0,0,70,3141,0.5536,0.4241,0.0223
National,X,2019,8,1520,1541,0,0,97,3158,0.4813,0.4880,0.0307
National,X,2019,9,1413,1830,0,0,82,3325,0.4250,0.5504,0.0247
National,X,2019,10,1321,1870,0,0,126,3317,0.3983,0.5638,0.0380
National,X,2019,11,1069,1856,0,0,138,3063,0.3490,0.6059,0.0451
National,X,2019,12,754,1420,0,0,144,2318,0.3253,0.6126,0.0621
National,X,2019,13,481,1131,0,0,196,1808,0.2660,0.6256,0.1084
National,X,2019,14,342,902,0,0,186,1430,0.2392,0.6308,0.1301
National,X,2019,15,219,667,0,0,155,1041,0.2104,0.6407,0.1489
National,X,2019,16,132,359,0,0,94,585,0.2256,0.6137,0.1607
National,X,2019,17,89,221,0,0,120,430,0.2070,0.5140,0.2791
National,X,2019,18,67,162,0,0,64,293,0.2287,0.5529,0.2184
National,X,2019,19,50,103,0,0,72,225,0.2222,0.4578,0.3200
National,X,2019,20,44,84,0,0,58,186,0.2366,0.4516,0.3118
National,X,2019,21,30,70,0,0,33,133,0.2256,0.5263,0.2481
National,X,2019,22,24,58,0,0,56,138,0.1739,0.4203,0.4058
National,X,2019,23,26,57,0,0,52,135,0.1926,0.4222,0.3852
National,X,2019,24,23,62,0,0,27,112,0.2054,0.5536,0.2411
National,X,2019,25,20,53,0,0,22,95,0.2105,0.5579,0.2316
National,X,2019,26,22,49,0,0,19,90,0.2444,0.5444,0.2111
National,X,2019,27,30,43,0,0,17,90,0.3333,0.4778,0.1889
National,X,2019,28,10,43,0,0,12,65,0.1538,0.6615,0.1846
National,X,2019,29,13,58,0,0,11,82,0.1585,0.7073,0.1341
National,X,2019,30,20,30,0,0,14,64,0.3125,0.4688,0.2188
National,X,2019,31,15,31,0,0,13,59,0.2542,0.5254,0.2203
National,X,2019,32,7,33,0,0,17,57,0.1228,0.5789,0.2982
National,X,2019,33,21,36,0,0,38,95,0.2211,0.3789,0.4000
National,X,2019,34,19,39,0,0,34,92,0.2065,0.4239,0.3696
National,X,2019,35,15,37,0,0,35,87,0.1724,0.4253,0.4023
National,X,2019,36,18,61,0,0,31,110,0.1636,0.5545,0.2818
National,X,2019,37,14,81,0,0,48,143,0.0979,0.5664,0.3357
National,X,2019,38,30,66,0,0,51,147,0.2041,0.4490,0.3469
National,X,2019,39,22,74,0,0,56,152,0.1447,0.4868,0.3684
National,X,2019,40,31,72,0,0,64,167,0.1856,0.4311,0.3832
National,X,2019,41,40,79,0,0,79,198,0.2020,0.3990,0.3990
National,X,2019,42,43,99,0,0,93,235,0.1830,0.4213,0.3957
National,X,2019,43,72,107,0,0,121,300,0.2400,0.3567,0.4033
National,X,2019,44,90,106,0,0,164,360,0.2500,0.2944,0.4556
National,X,2019,45,250,151,0,0,318,719,0.3477,0.2100,0.4423
National,X,2019,46,254,99,0,0,429,782,0.3248,0.1266,0.5486
National,X,2019,47,391,118,0,0,606,1115,0.3507,0.1058,0.5435
National,X,2019,48,444,100,0,0,651,1195,0.3715,0.0837,0.5448
National,X,2019,49,587,95,0,0,866,1548,0.3792,0.0614,0.5594
National,X,2019,50,656,83,0,0,1133,1872,0.3504,0.0443,0.6052
National,X,2019,51,964,55,0,0,1402,2421,0.3982,0.0227,0.5791
National,X,2019,52,1235,90,0,0,1698,3023,0.4085,0.0298,0.5617
National,X,2020,1,1304,104,0,0,1487,2895,0.4504,0.0359,0.5136
National,X,2020,2,1370,88,0,0,1388,2846,0.4814,0.0309,0.4877
National,X,2020,3,1652,75,0,0,1508,3235,0.5107,0.0232,0.4662
National,X,2020,4,1804,81,0,0,1401,3286,0.5490,0.0247,0.4264
National,X,2020,5,2414,94,0,0,1390,3898,0.6193,0.0241,0.3566
National,X,2020,6,2417,93,0,0,1168,3678,0.6572,0.0253,0.3176
National,X,2020,7,2177,69,0,0,1034,3280,0.6637,0.0210,0.3152
National,X,2020,8,1866,81,0,0,742,2689,0.6939,0.0301,0.2759
National,X,2020,9,1715,65,0,0,603,2383,0.7197,0.0273,0.2530
National,X,2020,10,1674,76,0,0,492,2242,0.7467,0.0339,0.2194
National,X,2020,11,1187,77,0,0,293,1557,0.7624,0.0495,0.1882
National,X,2020,12,466,31,0,0,128,625,0.7456,0.0496,0.2048
National,X,2020,13,107,8,0,0,56,171,0.6257,0.0468,0.3275
National,X,2020,14,41,1,0,0,12,54,0.7593,0.0185,0.2222
National,X,2020,15,31,0,0,0,4,35,0.8857,0.0000,0.1143
National,X,2020,16,19,0,0,0,5,24,0.7917,0.0000,0.2083
National,X,2020,17,26,0,0,0,4,30,0.8667,0.0000,0.1333
National,X,2020,18,24,0,0,0,3,27,0.8889,0.0000,0.1111
National,X,2020,19,26,1,0,0,2,29,0.8966,0.0345,0.0690
National,X,2020,20,24,0,0,0,3,27,0.8889,0.0000,0.1111
National,X,2020,21,1,0,0,0,0,1,1.0000,0.0000,0.0000
National,X,2020,22,3,0,0,0,1,4,0.7500,0.0000,0.2500
National,X,2020,23,0,0,0,0,2,2,0.0000,0.0000,1.0000
National,X,2020,24,2,0,0,0,4,6,0.3333,0.0000,0.6667
National,X,2020,25,0,0,0,0,0,0,0.0000,0.0000,0.0000
National,X,2020,26,3,0,0,0,0,3,1.0000,0.0000,0.0000
National,X,2020,27,0,0,1,0,0,1,0.0000,0.0000,0.0000
National,X,2020,28,1,0,0,0,1,2,0.5000,0.0000,0.5000
National,X,2020,29,0,0,0,0,0,0,0.0000,0.0000,0.0000
National,X,2020,30,2,0,0,0,0,2,1.0000,0.0000,0.0000
National,X,2020,31,0,0,0,0,0,0,0.0000,0.0000,0.0000
National,X,2020,32,0,0,0,0,0,0,0.0000,0.0000,0.0000
National,X,2020,33,0,0,0,0,1,1,0.0000,0.0000,1.0000
National,X,2020,34,0,0,0,0,0,0,0.0000,0.0000,0.0000
National,X,2020,35,0,0,0,0,0,0,0.0000,0.0000,0.0000
National,X,2020,36,2,0,0,0,1,3,0.6667,0.0000,0.3333
National,X,2020,37,0,1,0,0,0,1,0.0000,1.0000,0.0000
National,X,2020,38,1,0,0,0,0,1,1.0000,0.0000,0.0000
National,X,2020,39,1,0,0,0,0,1,1.0000,0.0000,0.0000
National,X,2020,40,1,2,0,0,2,5,0.2000,0.4000,0.4000
National,X,2020,41,5,3,0,0,6,14,0.3571,0.2143,0.4286
National,X,2020,42,0,5,0,0,5,10,0.0000,0.5000,0.5000
National,X,2020,43,6,7,0,0,4,17,0.3529,0.4118,0.2353
National,X,2020,44,0,8,0,0,16,24,0.0000,0.3333,0.6667
National,X,2020,45,0,7,0,0,9,16,0.0000,0.4375,0.5625
National,X,2020,46,6,7,0,0,6,19,0.3158,0.3684,0.3158
National,X,2020,47,0,3,0,0,4,7,0.0000,0.4286,0.5714
National,X,2020,48,8,0,0,0,3,11,0.7273,0.0000,0.2727
National,X,2020,49,1,4,0,0,9,14,0.0714,0.2857,0.6429
National,X,2020,50,7,7,0,0,3,17,0.4118,0.4118,0.1765
National,X,2020,51,1,4,0,0,4,9,0.1111,0.4444,0.4444
National,X,2020,52,0,2,0,0,2,4,0.0000,0.5000,0.5000
National,X,2020,53,3,6,0,0,3,12,0.2500,0.5000,0.2500
National,X,2021,1,0,8,0,0,4,12,0.0000,0.6667,0.3333
National,X,2021,2,0,3,3,0,4,10,0.0000,0.3000,0.4000
National,X,2021,3,0,3,0,0,1,4,0.0000,0.7500,0.2500
National,X,2021,4,3,0,0,0,1,4,0.7500,0.0000,0.2500
National,X,2021,5,1,3,0,0,3,7,0.1429,0.4286,0.4286
National,X,2021,6,0,2,0,0,2,4,0.0000,0.5000,0.5000
National,X,2021,7,1,2,0,0,2,5,0.2000,0.4000,0.4000
National,X,2021,8,1,2,0,0,5,8,0.1250,0.2500,0.6250
National,X,2021,9,0,2,0,0,0,2,0.0000,1.0000,0.0000
National,X,2021,10,2,0,0,0,2,4,0.5000,0.0000,0.5000
National,X,2021,11,0,5,0,0,2,7,0.0000,0.7143,0.2857
National,X,2021,12,0,1,0,0,0,1,0.0000,1.0000,0.0000
National,X,2021,13,1,4,0,0,1,6,0.1667,0.6667,0.1667
National,X,2021,14,1,0,0,0,0,1,1.0000,0.0000,0.0000
National,X,2021,15,2,3,0,0,2,7,0.2857,0.4286,0.2857
National,X,2021,16,0,0,0,0,1,1,0.0000,0.0000,1.0000
National,X,2021,17,0,1,0,0,0,1,0.0000,1.0000,0.0000
National,X,2021,18,0,0,0,0,1,1,0.0000,0.0000,1.0000
National,X,2021,19,0,0,0,0,0,0,0.0000,0.0000,0.0000
National,X,2021,20,0,1,0,0,5,6,0.0000,0.1667,0.8333
National,X,2021,21,0,0,0,0,0,0,0.0000,0.0000,0.0000
National,X,2021,22,3,0,0,0,1,4,0.7500,0.0000,0.2500
National,X,2021,23,0,2,0,0,0,2,0.0000,1.0000,0.0000
National,X,2021,24,0,1,0,0,0,1,0.0000,1.0000,0.0000
National,X,2021,25,1,0,0,0,1,2,0.5000,0.0000,0.5000
National,X,2021,26,0,1,0,0,0,1,0.0000,1.0000,0.0000
National,X,2021,27,2,2,0,0,1,5,0.4000,0.4000,0.2000
National,X,2021,28,0,6,0,0,2,8,0.0000,0.7500,0.2500
National,X,2021,29,0,2,0,0,0,2,0.0000,1.0000,0.0000
National,X,2021,30,1,2,0,0,0,3,0.3333,0.6667,0.0000
National,X,2021,31,0,5,0,0,0,5,0.0000,1.0000,0.0000
National,X,2021,32,0,2,2,0,0,4,0.0000,0.5000,0.0000
National,X,2021,33,0,5,0,0,1,6,0.0000,0.8333,0.1667
National,X,2021,34,6,0,0,0,3,9,0.6667,0.0000,0.3333
National,X,2021,35,3,0,0,0,2,5,0.6000,0.0000,0.4000
National,X,2021,36,1,5,0,0,1,7,0.1429,0.7143,0.1429
National,X,2021,37,1,9,0,0,4,14,0.0714,0.6429,0.2857
National,X,2021,38,4,27,0,0,0,31,0.1290,0.8710,0.0000
National,X,2021,39,0,40,0,0,3,43,0.0000,0.9302,0.0698
National,X,2021,40,1,91,0,0,7,99,0.0101,0.9192,0.0707
National,X,2021,41,0,95,1,0,10,106,0.0000,0.8962,0.0943
National,X,2021,42,0,55,0,0,7,62,0.0000,0.8871,0.1129
National,X,2021,43,0,57,0,0,11,68,0.0000,0.8382,0.1618
National,X,2021,44,0,194,0,0,5,199,0.0000,0.9749,0.0251
National,X,2021,45,0,261,0,0,4,265,0.0000,0.9849,0.0151
National,X,2021,46,2,529,0,0,10,541,0.0037,0.9778,0.0185
National,X,2021,47,1,586,0,0,6,593,0.0017,0.9882,0.0101
National,X,2021,48,1,972,0,0,7,980,0.0010,0.9918,0.0071
National,X,2021,49,0,1193,0,0,3,1196,0.0000,0.9975,0.0025
National,X,2021,50,0,1413,0,0,4,1417,0.0000,0.9972,0.0028
National,X,2021,51,0,1309,0,0,3,1312,0.0000,0.9977,0.0023
National,X,2021,52,0,1522,0,0,6,1528,0.0000,0.9961,0.0039
National,X,2022,1,0,1158,0,0,8,1166,0.0000,0.9931,0.0069
National,X,2022,2,0,1028,0,0,2,1030,0.0000,0.9981,0.0019
National,X,2022,3,0,731,0,0,1,732,0.0000,0.9986,0.0014
National,X,2022,4,0,592,0,0,7,599,0.0000,0.9883,0.0117
National,X,2022,5,0,508,0,0,4,512,0.0000,0.9922,0.0078
National,X,2022,6,0,635,0,0,2,637,0.0000,0.9969,0.0031
National,X,2022,7,1,570,0,0,2,573,0.0017,0.9948,0.0035
National,X,2022,8,0,499,0,0,2,501,0.0000,0.9960,0.0040
National,X,2022,9,1,611,0,0,3,615,0.0016,0.9935,0.0049
National,X,2022,10,0,598,0,0,1,599,0.0000,0.9983,0.0017
National,X,2022,11,4,604,0,0,0,608,0.0066,0.9934,0.0000
National,X,2022,12,0,701,0,0,1,702,0.0000,0.9986,0.0014
National,X,2022,13,0,780,0,0,2,782,0.0000,0.9974,0.0026
National,X,2022,14,0,711,0,0,2,713,0.0000,0.9972,0.0028
National,X,2022,15,0,808,0,0,4,812,0.0000,0.9951,0.0049
National,X,2022,16,4,827,0,0,3,834,0.0048,0.9916,0.0036
National,X,2022,17,3,795,0,0,1,799,0.0038,0.9950,0.0013
National,X,2022,18,3,833,0,0,1,837,0.0036,0.9952,0.0012
National,X,2022,19,1,817,0,0,3,821,0.0012,0.9951,0.0037
National,X,2022,20,5,771,0,0,1,777,0.0064,0.9923,0.0013
National,X,2022,21,1,626,0,0,1,628,0.0016,0.9968,0.0016
National,X,2022,22,1,573,0,0,1,575,0.0017,0.9965,0.0017
National,X,2022,23,0,424,0,0,2,426,0.0000,0.9953,0.0047
National,X,2022,24,0,353,0,0,3,356,0.0000,0.9916,0.0084
National,X,2022,25,0,197,0,0,1,198,0.0000,0.9949,0.0051
National,X,2022,26,1,101,0,0,1,103,0.0097,0.9806,0.0097
National,X,2022,27,0,97,0,0,1,98,0.0000,0.9898,0.0102
National,X,2022,28,0,126,0,0,1,127,0.0000,0.9921,0.0079
National,X,2022,29,1,51,0,0,4,56,0.0179,0.9107,0.0714
National,X,2022,30,0,46,0,0,3,49,0.0000,0.9388,0.0612
National,X,2022,31,3,54,4,0,2,63,0.0476,0.8571,0.0317
National,X,2022,32,1,91,0,0,2,94,0.0106,0.9681,0.0213
National,X,2022,33,7,73,0,0,2,82,0.0854,0.8902,0.0244
National,X,2022,34,12,83,0,0,2,97,0.1237,0.8557,0.0206
National,X,2022,35,9,78,0,0,4,91,0.0989,0.8571,0.0440
National,X,2022,36,9,82,1,0,0,92,0.0978,0.8913,0.0000
National,X,2022,37,6,75,0,0,5,86,0.0698,0.8721,0.0581
National,X,2022,38,18,119,0,0,10,147,0.1224,0.8095,0.0680
National,X,2022,39,28,127,0,0,4,159,0.1761,0.7987,0.0252
National,X,2022,40,42,255,0,0,8,305,0.1377,0.8361,0.0262
National,X,2022,41,70,383,0,0,8,461,0.1518,0.8308,0.0174
National,X,2022,42,121,475,1,0,10,607,0.1993,0.7825,0.0165
National,X,2022,43,243,744,0,0,5,992,0.2450,0.7500,0.0050
National,X,2022,44,361,1047,0,0,9,1417,0.2548,0.7389,0.0064
National,X,2022,45,364,1346,0,0,3,1713,0.2125,0.7858,0.0018
National,X,2022,46,518,1821,0,0,6,2345,0.2209,0.7765,0.0026
National,X,2022,47,534,2136,0,0,3,2673,0.1998,0.7991,0.0011
National,X,2022,48,802,2591,0,0,4,3397,0.2361,0.7627,0.0012
National,X,2022,49,673,2473,0,0,6,3152,0.2135,0.7846,0.0019
National,X,2022,50,665,2148,0,0,5,2818,0.2360,0.7622,0.0018
National,X,2022,51,588,1547,0,0,9,2144,0.2743,0.7215,0.0042
National,X,2022,52,533,1023,0,0,7,1563,0.3410,0.6545,0.0045
National,X,2023,1,472,975,0,0,14,1461,0.3231,0.6674,0.0096
National,X,2023,2,252,594,0,0,14,860,0.2930,0.6907,0.0163
National,X,2023,3,236,364,0,0,16,616,0.3831,0.5909,0.0260
National,X,2023,4,140,188,0,0,10,338,0.4142,0.5562,0.0296
National,X,2023,5,133,130,0,0,20,283,0.4700,0.4594,0.0707
National,X,2023,6,145,127,0,0,27,299,0.4849,0.4247,0.0903
National,X,2023,7,95,77,0,0,29,201,0.4726,0.3831,0.1443
National,X,2023,8,70,68,0,0,18,156,0.4487,0.4359,0.1154
National,X,2023,9,83,58,0,0,36,177,0.4689,0.3277,0.2034
National,X,2023,10,84,50,0,0,31,165,0.5091,0.3030,0.1879
National,X,2023,11,64,31,0,0,34,129,0.4961,0.2403,0.2636
National,X,2023,12,67,42,0,0,49,158,0.4241,0.2658,0.3101
National,X,2023,13,69,21,0,0,51,141,0.4894,0.1489,0.3617
National,X,2023,14,74,21,0,0,51,146,0.5068,0.1438,0.3493
National,X,2023,15,55,7,0,0,49,111,0.4955,0.0631,0.4414
National,X,2023,16,34,13,0,0,63,110,0.3091,0.1182,0.5727
National,X,2023,17,44,19,0,0,62,125,0.3520,0.1520,0.4960
National,X,2023,18,43,9,0,0,65,117,0.3675,0.0769,0.5556
National,X,2023,19,52,4,0,0,77,133,0.3910,0.0301,0.5789
National,X,2023,20,48,11,0,0,71,130,0.3692,0.0846,0.5462
National,X,2023,21,48,3,0,0,59,110,0.4364,0.0273,0.5364
National,X,2023,22,62,1,0,0,50,113,0.5487,0.0088,0.4425
National,X,2023,23,70,5,0,0,71,146,0.4795,0.0342,0.4863
National,X,2023,24,69,3,0,0,50,122,0.5656,0.0246,0.4098
National,X,2023,25,72,5,0,0,42,119,0.6050,0.0420,0.3529
National,X,2023,26,68,18,0,0,57,143,0.4755,0.1259,0.3986
National,X,2023,27,65,1,0,0,37,103,0.6311,0.0097,0.3592
National,X,2023,28,65,4,0,0,28,97,0.6701,0.0412,0.2887
National,X,2023,29,68,7,1,0,18,94,0.7234,0.0745,0.1915
National,X,2023,30,49,5,0,0,30,84,0.5833,0.0595,0.3571
National,X,2023,31,80,6,0,0,26,112,0.7143,0.0536,0.2321
National,X,2023,32,52,6,0,0,35,93,0.5591,0.0645,0.3763
National,X,2023,33,59,14,0,0,22,95,0.6211,0.1474,0.2316
National,X,2023,34,62,12,0,0,33,107,0.5794,0.1121,0.3084
National,X,2023,35,66,11,0,0,15,92,0.7174,0.1196,0.1630
National,X,2023,36,82,10,0,0,28,120,0.6833,0.0833,0.2333
National,X,2023,37,65,17,0,0,23,105,0.6190,0.1619,0.2190
National,X,2023,38,96,11,0,0,36,143,0.6713,0.0769,0.2517
National,X,2023,39,128,11,0,0,30,169,0.7574,0.0651,0.1775
National,X,2023,40,185,17,0,0,51,253,0.7312,0.0672,0.2016
National,X,2023,41,224,23,0,0,73,320,0.7000,0.0719,0.2281
National,X,2023,42,307,29,0,0,85,421,0.7292,0.0689,0.2019
National,X,2023,43,282,42,0,0,82,406,0.6946,0.1034,0.2020
National,X,2023,44,347,49,0,0,103,499,0.6954,0.0982,0.2064
National,X,2023,45,581,75,0,0,164,820,0.7085,0.0915,0.2000
National,X,2023,46,612,129,0,0,186,927,0.6602,0.1392,0.2006
National,X,2023,47,699,149,0,0,168,1016,0.6880,0.1467,0.1654
National,X,2023,48,850,211,0,0,243,1304,0.6518,0.1618,0.1863
National,X,2023,49,1163,326,0,0,314,1803,0.6450,0.1808,0.1742
National,X,2023,50,1329,376,0,0,385,2090,0.6359,0.1799,0.1842
National,X,2023,51,1461,388,0,0,325,2174,0.6720,0.1785,0.1495
National,X,2023,52,1429,352,0,0,266,2047,0.6981,0.1720,0.1299
National,X,2024,1,1312,391,0,0,376,2079,0.6311,0.1881,0.1809
National,X,2024,2,1122,411,0,0,318,1851,0.6062,0.2220,0.1718
National,X,2024,3,912,347,0,0,255,1514,0.6024,0.2292,0.1684
National,X,2024,4,891,457,0,0,347,1695,0.5257,0.2696,0.2047
National,X,2024,5,780,444,0,0,445,1669,0.4673,0.2660,0.2666
National,X,2024,6,707,506,0,0,494,1707,0.4142,0.2964,0.2894
National,X,2024,7,599,507,0,0,498,1604,0.3734,0.3161,0.3105
National,X,2024,8,578,524,0,0,546,1648,0.3507,0.3180,0.3313
National,X,2024,9,551,460,0,0,496,1507,0.3656,0.3052,0.3291
National,X,2024,10,428,484,0,0,511,1423,0.3008,0.3401,0.3591
National,X,2024,11,330,403,0,0,430,1163,0.2837,0.3465,0.3697
National,X,2024,12,285,368,0,0,350,1003,0.2841,0.3669,0.3490
National,X,2024,13,248,321,0,0,296,865,0.2867,0.3711,0.3422
National,X,2024,14,196,322,0,0,284,802,0.2444,0.4015,0.3541
National,X,2024,15,196,293,0,0,267,756,0.2593,0.3876,0.3532
National,X,2024,16,146,241,0,0,196,583,0.2504,0.4134,0.3362
National,X,2024,17,111,166,0,0,152,429,0.2587,0.3869,0.3543
National,X,2024,18,112,150,0,0,112,374,0.2995,0.4011,0.2995
National,X,2024,19,70,114,0,0,99,283,0.2473,0.4028,0.3498
National,X,2024,20,60,97,0,0,49,206,0.2913,0.4709,0.2379
National,X,2024,21,57,127,0,1,38,223,0.2556,0.5695,0.1704
National,X,2024,22,63,111,0,0,63,237,0.2658,0.4684,0.2658
National,X,2024,23,65,133,0,0,51,249,0.2610,0.5341,0.2048
National,X,2024,24,88,135,0,0,48,271,0.3247,0.4982,0.1771
National,X,2024,25,82,135,0,0,34,251,0.3267,0.5378,0.1355
National,X,2024,26,95,171,0,0,31,297,0.3199,0.5758,0.1044
National,X,2024,27,79,164,0,0,13,256,0.3086,0.6406,0.0508
National,X,2024,28,94,147,1,9,11,262,0.3588,0.5611,0.0420
National,X,2024,29,66,105,0,2,10,183,0.3607,0.5738,0.0546
National,X,2024,30,55,115,0,1,12,183,0.3005,0.6284,0.0656
National,X,2024,31,79,97,0,0,4,180,0.4389,0.5389,0.0222
National,X,2024,32,93,108,0,0,5,206,0.4515,0.5243,0.0243
National,X,2024,33,81,83,0,0,2,166,0.4880,0.5000,0.0120
National,X,2024,34,67,77,0,1,5,150,0.4467,0.5133,0.0333
National,X,2024,35,72,112,0,0,4,188,0.3830,0.5957,0.0213
National,X,2024,36,75,75,2,0,4,156,0.4808,0.4808,0.0256
National,X,2024,37,88,78,0,0,6,172,0.5116,0.4535,0.0349
National,X,2024,38,118,101,0,0,3,222,0.5315,0.4550,0.0135
National,X,2024,39,111,103,0,0,8,222,0.5000,0.4640,0.0360
National,X,2024,40,118,108,0,4,5,235,0.5021,0.4596,0.0213
National,X,2024,41,90,108,0,19,5,222,0.4054,0.4865,0.0225
National,X,2024,42,116,104,0,14,18,252,0.4603,0.4127,0.0714
National,X,2024,43,177,149,0,11,16,353,0.5014,0.4221,0.0453
National,X,2024,44,189,221,0,4,25,439,0.4305,0.5034,0.0569
National,X,2024,45,226,281,0,4,26,537,0.4209,0.5233,0.0484
National,X,2024,46,237,382,0,5,35,659,0.3596,0.5797,0.0531
National,X,2024,47,360,455,0,4,62,881,0.4086,0.5165,0.0704
National,X,2024,48,393,530,0,7,36,966,0.4068,0.5487,0.0373
National,X,2024,49,631,935,0,3,64,1633,0.3864,0.5726,0.0392
National,X,2024,50,1080,1428,0,5,89,2602,0.4151,0.5488,0.0342
National,X,2024,51,1572,2321,0,1,67,3961,0.3969,0.5860,0.0169
National,X,2024,52,2082,2808,0,0,76,4966,0.4193,0.5654,0.0153
National,X,2025,1,2593,3263,0,0,98,5954,0.4355,0.5480,0.0165
National,X,2025,2,2185,2849,0,1,88,5123,0.4265,0.5561,0.0172
National,X,2025,3,2920,3188,0,0,126,6234,0.4684,0.5114,0.0202
National,X,2025,4,3858,3733,0,0,132,7723,0.4995,0.4834,0.0171
National,X,2025,5,5490,4811,0,0,235,10536,0.5211,0.4566,0.0223
National,X,2025,6,5266,4114,0,1,240,9621,0.5473,0.4276,0.0249
National,X,2025,7,4379,3350,0,1,244,7974,0.5492,0.4201,0.0306
National,X,2025,8,3399,2149,0,0,245,5793,0.5867,0.3710,0.0423
National,X,2025,9,3002,2088,0,0,233,5323,0.5640,0.3923,0.0438
National,X,2025,10,2528,1569,0,0,289,4386,0.5764,0.3577,0.0659
National,X,2025,11,2247,1380,0,0,345,3972,0.5657,0.3474,0.0869
National,X,2025,12,1782,1223,0,0,316,3321,0.5366,0.3683,0.0952
National,X,2025,13,1016,579,0,0,292,1887,0.5384,0.3068,0.1547
National,X,2025,14,888,522,0,0,361,1771,0.5014,0.2947,0.2038
National,X,2025,15,544,254,0,0,394,1192,0.4564,0.2131,0.3305
National,X,2025,16,397,172,0,0,357,926,0.4287,0.1857,0.3855
National,X,2025,17,517,331,0,0,348,1196,0.4323,0.2768,0.2910
National,X,2025,18,290,209,0,0,330,829,0.3498,0.2521,0.3981
National,X,2025,19,336,163,0,0,292,791,0.4248,0.2061,0.3692
National,X,2025,20,169,40,0,0,162,371,0.4555,0.1078,0.4367
National,X,2025,21,102,40,0,0,95,237,0.4304,0.1688,0.4008
National,X,2025,22,127,27,0,0,100,254,0.5000,0.1063,0.3937
National,X,2025,23,134,16,0,0,86,236,0.5678,0.0678,0.3644
National,X,2025,24,99,14,0,0,52,165,0.6000,0.0848,0.3152
National,X,2025,25,66,12,0,0,42,120,0.5500,0.1000,0.3500
National,X,2025,26,98,5,0,0,35,138,0.7101,0.0362,0.2536
National,X,2025,27,59,12,0,0,17,88,0.6705,0.1364,0.1932
National,X,2025,28,56,12,0,0,12,80,0.7000,0.1500,0.1500
National,X,2025,29,62,3,0,0,14,79,0.7848,0.0380,0.1772
National,X,2025,30,55,27,0,0,15,97,0.5670,0.2784,0.1546
National,X,2025,31,55,14,0,0,9,78,0.7051,0.1795,0.1154
National,X,2025,32,40,15,0,0,4,59,0.6780,0.2542,0.0678
National,X,2025,33,43,11,0,0,5,59,0.7288,0.1864,0.0847
National,X,2025,34,74,13,0,0,4,91,0.8132,0.1429,0.0440
National,X,2025,35,61,23,0,0,3,87,0.7011,0.2644,0.0345
National,X,2025,36,49,29,0,0,3,81,0.6049,0.3580,0.0370
National,X,2025,37,55,30,0,0,3,88,0.6250,0.3409,0.0341
National,X,2025,38,49,32,0,0,3,84,0.5833,0.3810,0.0357
National,X,2025,39,48,31,0,0,9,88,0.5455,0.3523,0.1023
National,X,2025,40,65,45,0,0,10,120,0.5417,0.3750,0.0833
National,X,2025,41,55,69,0,0,6,130,0.4231,0.5308,0.0462
National,X,2025,42,71,114,0,0,9,194,0.3660,0.5876,0.0464
National,X,2025,43,118,144,0,0,12,274,0.4307,0.5255,0.0438
National,X,2025,44,81,198,0,0,13,292,0.2774,0.6781,0.0445
National,X,2025,45,148,446,0,0,21,615,0.2407,0.7252,0.0341
National,X,2025,46,182,698,0,2,36,918,0.1983,0.7603,0.0392
National,X,2025,47,221,1114,0,0,74,1409,0.1568,0.7906,0.0525
National,X,2025,48,232,1452,0,0,51,1735,0.1337,0.8369,0.0294
National,X,2025,49,232,1963,0,0,76,2271,0.1022,0.8644,0.0335
National,X,2025,50,319,3217,0,0,68,3604,0.0885,0.8926,0.0189
National,X,2025,51,423,5231,0,0,112,5766,0.0734,0.9072,0.0194
National,X,2025,52,469,6047,0,0,146,6662,0.0704,0.9077,0.0219
National,X,2025,53,533,5745,0,0,157,6435,0.0828,0.8928,0.0244
National,X,2026,1,434,4425,0,0,171,5030,0.0863,0.8797,0.0340
National,X,2026,2,372,3013,0,0,194,3579,0.1039,0.8419,0.0542
National,X,2026,3,373,2740,0,0,237,3350,0.1113,0.8179,0.0707
National,X,2026,4,310,2229,0,0,361,2900,0.1069,0.7686,0.1245
National,X,2026,5,389,2293,0,0,477,3159,0.1231,0.7259,0.1510
National,X,2026,6,343,1827,0,0,601,2771,0.1238,0.6593,0.2169
National,X,2026,7,313,1364,0,0,833,2510,0.1247,0.5434,0.3319
National,X,2026,8,259,1067,0,0,747,2073,0.1249,0.5147,0.3603
National,X,2026,9,238,881,0,0,925,2044,0.1164,0.4310,0.4525
National,X,2026,10,180,546,0,0,853,1579,0.1140,0.3458,0.5402
National,X,2026,11,138,366,0,0,829,1333,0.1035,0.2746,0.6219
National,X,2026,12,159,284,0,0,793,1236,0.1286,0.2298,0.6416
National,X,2026,13,116,244,0,0,681,1041,0.1114,0.2344,0.6542
National,X,2026,14,118,149,0,0,510,777,0.1519,0.1918,0.6564
National,X,2026,15,99,173,0,0,388,660,0.1500,0.2621,0.5879
National,X,2026,16,53,104,0,0,306,463,0.1145,0.2246,0.6609
National,X,2026,17,53,130,0,0,218,401,0.1322,0.3242,0.5436
National,X,2026,18,43,108,0,0,236,387,0.1111,0.2791,0.6098
National,X,2026,19,35,23,0,0,206,264,0.1326,0.0871,0.7803
National,X,2026,20,43,49,0,0,145,237,0.1814,0.2068,0.6118
National,X,2026,21,19,18,0,0,114,151,0.1258,0.1192,0.7550
National,X,2026,22,26,38,0,0,88,152,0.1711,0.2500,0.5789
National,X,2026,23,34,26,0,0,67,127,0.2677,0.2047,0.5276
National,X,2026,24,11,110,0,0,47,168,0.0655,0.6548,0.2798
National,X,2026,25,27,24,0,0,40,91,0.2967,0.2637,0.4396
National,X,2026,26,42,20,0,0,28,90,0.4667,0.2222,0.3111
National,X,2026,27,31,8,0,0,28,67,0.4627,0.1194,0.4179
National,X,2026,28,26,8,0,0,20,54,0.4815,0.1481,0.3704
National,X,2026,29,23,7,0,0,24,54,0.4259,0.1296,0.4444
National,X,2026,30,27,14,0,0,8,49,0.5510,0.2857,0.1633
National,X,2026,31,20,7,0,0,6,33,0.6061,0.2121,0.1818
National,X,2026,32,11,2,0,0,2,15,0.7333,0.1333,0.1333
