variant,start_date,peak_date,end_date,duration_days,peak_share_pct
B.1.617.2,2021-05-15,2021-10-30,2022-10-29,532,99.16384071124999
BA.1.1,2021-05-15,2022-02-19,2024-07-06,1148,75.00394135725
B.1.1.529,2021-06-12,2022-01-22,2025-12-20,1652,37.38103136425
BA.2,2022-01-22,2022-04-16,2025-08-02,1288,71.5474918485
BA.2.12.1,2022-01-22,2022-06-11,2024-06-08,868,59.732177853500005
BA.5,2022-03-19,2022-09-03,2024-03-16,728,86.27215176825001
BA.4,2022-04-16,2022-07-09,2023-01-21,280,12.16523237525
BA.4.6,2022-06-11,2022-10-01,2024-12-21,924,9.735371917499998
BA.2.75,2022-07-09,2022-10-29,2023-06-10,336,1.1349852897500001
BA.5.2.6,2022-07-09,2022-11-26,2024-03-16,616,1.61341545175
BF.7,2022-08-06,2022-11-26,2024-10-26,812,7.05862008025
BF.11,2022-08-06,2022-11-26,2023-06-10,308,1.1620053557499999
BA.2.75.2,2022-09-03,2022-10-29,2023-04-15,224,0.4978473299999999
BQ.1,2022-09-03,2022-12-24,2025-07-05,1036,25.340389211999998
BQ.1.1,2022-09-03,2023-01-21,2024-04-13,588,33.95130932325
BN.1,2022-10-01,2022-12-24,2023-08-05,308,3.4057727706666667
XBB,2022-10-01,2023-08-05,2024-05-11,588,5.28437076125
CH.1.1,2022-10-29,2023-01-21,2024-12-21,784,1.3948649166666667
XBB.1.5,2022-11-26,2023-04-15,2025-04-12,868,78.891803324
FD.2,2022-12-24,2023-03-18,2023-09-02,252,2.428343705666667
XBB.1.5.1,2022-12-24,2023-04-15,2023-10-28,308,1.775278151
XBB.1.9.1,2023-01-21,2023-06-10,2024-03-16,420,9.861095249666667
XBB.1.9.2,2023-01-21,2023-07-08,2024-01-20,364,4.067974538
XBB.1.5.10,2023-01-21,2023-07-08,2023-12-23,336,3.3311663199999995
XBB.2.3,2023-02-18,2023-08-05,2024-07-06,504,9.229735657500001
XBB.1.5.68,2023-02-18,2023-08-05,2023-12-23,308,1.2449619360000002
XBB.1.5.59,2023-02-18,2023-08-05,2023-11-25,280,0.48962531900000006
FE.1.1,2023-03-18,2023-06-10,2023-11-25,252,2.1352313460000003
EU.1.1,2023-03-18,2023-06-10,2023-10-28,224,1.572724059
XBB.1.16,2023-03-18,2023-07-08,2025-12-20,1008,12.463126828333333
XBB.1.16.1,2023-03-18,2023-07-08,2024-04-13,392,6.6404620806666665
FD.1.1,2023-03-18,2023-07-08,2023-12-23,280,0.6998792054999999
XBB.1.5.72,2023-04-15,2023-08-05,2023-12-23,252,1.589789521
GE.1,2023-04-15,2023-09-02,2024-05-11,392,1.5974520705000002
EG.5,2023-04-15,2023-09-30,2025-08-30,868,23.803001145666666
EG.6.1,2023-05-13,2023-08-05,2024-01-20,252,1.6972682439999998
XBB.2.3.8,2023-05-13,2023-08-05,2023-12-23,224,0.725481426
XBB.1.42.2,2023-05-13,2023-09-02,2024-01-20,252,1.489617769
XBB.1.5.70,2023-05-13,2023-09-02,2024-02-17,280,1.291503664
XBB.1.16.6,2023-05-13,2023-09-30,2024-05-11,364,9.312360982000001
XBB.1.16.11,2023-05-13,2023-10-28,2024-04-13,336,3.4462171607500003
FL.1.5.1,2023-06-10,2023-09-30,2024-04-13,308,11.145230383
HF.1,2023-06-10,2023-09-30,2025-01-18,588,2.4698449295000002
XBB.1.16.15,2023-06-10,2023-09-30,2024-12-21,560,1.6082711520000001
GK.1.1,2023-06-10,2023-10-28,2025-03-15,644,1.62248848925
GK.2,2023-07-08,2023-09-02,2024-03-16,252,0.872705411
XBB.1.16.17,2023-07-08,2023-10-28,2024-03-16,252,0.081752504
HV.1,2023-07-08,2023-11-25,2025-08-30,784,29.39837723975
JD.1.1,2023-07-08,2023-11-25,2024-03-16,252,4.4606783427500005
JF.1,2023-07-08,2023-11-25,2024-05-11,308,2.3033972362500004
HK.3,2023-09-02,2023-11-25,2024-04-13,224,5.01074381175
EG.5.1.8,2023-09-02,2023-11-25,2024-03-16,196,0.94829080625
JG.3,2023-09-02,2023-12-23,2024-11-23,448,3.4380858761999997
BA.2.86,2023-09-02,2023-12-23,2024-08-03,336,2.055294849
JN.1,2023-09-30,2024-02-17,2025-08-30,700,77.90288209900001
JN.1.8.1,2023-11-25,2024-03-16,2024-11-23,364,6.134311855
XDP,2023-11-25,2024-04-13,2024-07-06,224,1.4220653723333332
KV.2,2023-12-23,2024-03-16,2025-02-15,420,1.8707447996666668
JN.1.13,2023-12-23,2024-03-16,2025-01-18,392,0.080436148
JN.1.7,2023-12-23,2024-04-13,2025-06-07,532,13.220949967666668
JN.1.13.1,2023-12-23,2024-04-13,2024-08-31,252,4.065410979
KQ.1,2023-12-23,2024-04-13,2024-08-31,252,3.1382255256666665
JN.1.18,2023-12-23,2024-04-13,2025-08-02,588,2.484097192
JN.1.32,2023-12-23,2024-04-13,2024-11-23,336,1.5909954207500001
JN.1.4.3,2023-12-23,2024-04-13,2024-08-03,224,0.7646489654999999
JN.1.11.1,2023-12-23,2024-05-11,2025-04-12,476,3.0964067576
JN.1.16,2024-01-20,2024-05-11,2025-09-27,616,3.0626309664
KP.2,2024-01-20,2024-06-08,2025-04-12,448,13.2066603004
LB.1,2024-01-20,2024-08-03,2025-05-10,476,15.0740727785
XEC,2024-01-20,2025-01-18,2025-12-20,700,39.36465621
KP.1.1,2024-02-17,2024-06-08,2025-05-10,448,6.0580074040000005
JN.1.16.1,2024-02-17,2024-06-08,2025-10-25,616,2.745237686
KP.3,2024-02-17,2024-07-06,2025-08-30,560,26.77379921075
XDV.1,2024-03-16,2024-05-11,2025-09-27,560,1.2966693192
KP.4.1,2024-03-16,2024-06-08,2024-11-23,252,1.8778555842
KW.1.1,2024-03-16,2024-06-08,2024-09-28,196,1.7223342694
KP.1.2,2024-03-16,2024-06-08,2024-08-31,168,0.9368125350000001
KS.1,2024-03-16,2024-07-06,2025-06-07,448,1.736223232
KP.2.3,2024-03-16,2024-08-03,2025-08-02,504,15.242002531999999
KP.1.1.3,2024-03-16,2024-08-03,2025-08-02,504,3.29967536975
LF.3.1,2024-04-13,2024-06-08,2025-06-07,420,1.5932509305999998
KP.2.15,2024-04-13,2024-07-06,2024-12-21,252,0.8579684419999999
JN.1.18.6,2024-04-13,2024-08-31,2025-03-15,336,0.7178886608
LP.1,2024-05-11,2024-08-03,2025-03-15,308,2.322892223666667
KP.3.1.1,2024-05-11,2024-10-26,2025-12-20,588,50.548647642
LB.1.3.1,2024-06-08,2025-02-15,2025-08-02,420,3.7570364775000002
LF.7.7.1,2024-06-08,2025-04-12,2025-09-27,476,1.69178503575
MC.19,2024-07-06,2024-11-23,2025-04-12,280,0.8791466710000001
MC.1,2024-07-06,2024-12-21,2025-06-07,336,5.1018164308000005
LF.7,2024-08-03,2024-12-21,2025-12-20,504,2.0170764626
MC.10.1,2024-08-03,2025-01-18,2025-08-30,392,5.270994920500001
XEQ,2024-08-31,2024-12-21,2025-07-05,308,3.1083343549999998
XEK,2024-08-31,2025-01-18,2025-08-02,336,1.5861482729999998
MC.28.1,2024-08-31,2025-02-15,2025-08-02,336,1.0363753885
LF.7.2.1,2024-08-31,2025-05-10,2025-08-30,364,0.8365897114999999
XEC.4,2024-09-28,2025-03-15,2025-08-30,336,1.9439578428
LP.8.1,2024-09-28,2025-05-10,2025-12-20,448,60.324156284249995
LF.7.7.2,2024-10-26,2025-04-12,2025-09-27,336,1.940034656
PA.1,2024-11-23,2025-05-10,2025-09-27,308,1.7860556020000002
XFC,2024-12-21,2025-06-07,2025-12-20,364,3.3334853127999997
NW.1,2024-12-21,2025-08-02,2025-12-20,364,3.7042459843999995
LF.7.9,2025-02-15,2025-07-05,2025-12-20,308,2.158698365
XFG,2025-02-15,2025-09-27,2025-12-20,308,72.26917346333333
NB.1.8.1,2025-03-15,2025-07-05,2025-12-20,280,18.405575156199998
PQ.17,2025-06-07,2025-12-20,2025-12-20,196,2.557544783
XFG.1,2025-07-05,2025-11-22,2025-12-20,168,4.440154508
XFG.14.1,2025-07-05,2025-12-20,2025-12-20,168,11.253196745999999
XFG.1.1,2025-07-05,2025-12-20,2025-12-20,168,7.416880131
XFG.6,2025-07-05,2025-12-20,2025-12-20,168,3.1969308850000004
XFY,2025-07-05,2025-12-20,2025-12-20,168,2.046035789
XFV,2025-08-02,2025-12-20,2025-12-20,140,2.685422078
XFZ,2025-08-02,2025-12-20,2025-12-20,140,2.429667488
