"hhs_week_start","year","travel_to_us_total"
"2020-12-27","2021","250398.000000"
"2021-01-03","2021","1230562.000000"
"2021-01-10","2021","979188.000000"
"2021-01-17","2021","934628.000000"
"2021-01-24","2021","858144.000000"
"2021-01-31","2021","810497.000000"
"2021-02-07","2021","821962.000000"
"2021-02-14","2021","857153.000000"
"2021-02-21","2021","910596.000000"
"2021-02-28","2021","942914.000000"
"2021-03-07","2021","962995.000000"
"2021-03-14","2021","1055655.000000"
"2021-03-21","2021","1128832.000000"
"2021-03-28","2021","1118686.000000"
"2021-04-04","2021","1170352.000000"
"2021-04-11","2021","1163898.000000"
"2021-04-18","2021","1157598.000000"
"2021-04-25","2021","1169050.000000"
"2021-05-02","2021","1187806.000000"
"2021-05-09","2021","1255987.000000"
"2021-05-16","2021","1268004.000000"
"2021-05-23","2021","1245184.000000"
"2021-05-30","2021","1368453.000000"
"2021-06-06","2021","1292640.000000"
"2021-06-13","2021","1320959.000000"
"2021-06-20","2021","1340090.000000"
"2021-06-27","2021","1347715.000000"
"2021-07-04","2021","1403711.000000"
"2021-07-11","2021","1408571.000000"
"2021-07-18","2021","1435006.000000"
"2021-07-25","2021","1467666.000000"
"2021-08-01","2021","1477844.000000"
"2021-08-08","2021","1466253.000000"
"2021-08-15","2021","1454009.000000"
"2021-08-22","2021","1380430.000000"
"2021-08-29","2021","1340139.000000"
"2021-09-05","2021","1457619.000000"
"2021-09-12","2021","1312847.000000"
"2021-09-19","2021","1330502.000000"
"2021-09-26","2021","1336585.000000"
"2021-10-03","2021","1284378.000000"
"2021-10-10","2021","1361149.000000"
"2021-10-17","2021","1339456.000000"
"2021-10-24","2021","1319609.000000"
"2021-10-31","2021","1294215.000000"
"2021-11-07","2021","1535200.000000"
"2021-11-14","2021","1569233.000000"
"2021-11-21","2021","1580702.000000"
"2021-11-28","2021","1664381.000000"
"2021-12-05","2021","1492644.000000"
"2021-12-12","2021","1550139.000000"
"2021-12-19","2021","1520549.000000"
"2021-12-26","2021","1698887.000000"
"2021-12-26","2022","184032.000000"
"2022-01-02","2022","1876709.000000"
"2022-01-09","2022","1457836.000000"
"2022-01-16","2022","1382671.000000"
"2022-01-23","2022","1320053.000000"
"2022-01-30","2022","1343668.000000"
"2022-02-06","2022","1395963.000000"
"2022-02-13","2022","1462061.000000"
"2022-02-20","2022","1589287.000000"
"2022-02-27","2022","1584559.000000"
"2022-03-06","2022","1552899.000000"
"2022-03-13","2022","1636996.000000"
"2022-03-20","2022","1778915.000000"
"2022-03-27","2022","1724073.000000"
"2022-04-03","2022","1764965.000000"
"2022-04-10","2022","272383.000000"
"2022-05-29","2022","1035677.000000"
"2022-06-05","2022","1949870.000000"
"2022-06-12","2022","2009268.000000"
"2022-06-19","2022","2097551.000000"
"2022-06-26","2022","2190703.000000"
"2022-07-03","2022","2283669.000000"
"2022-07-10","2022","2195635.000000"
"2022-07-17","2022","2250286.000000"
"2022-07-24","2022","2266453.000000"
"2022-07-31","2022","2263034.000000"
"2022-08-07","2022","2130063.000000"
"2022-08-14","2022","2046144.000000"
"2022-08-21","2022","1973488.000000"
"2022-08-28","2022","1946591.000000"
"2022-09-04","2022","2066513.000000"
"2022-09-11","2022","1980076.000000"
"2022-09-18","2022","1984639.000000"
"2022-09-25","2022","1978074.000000"
"2022-10-02","2022","1999282.000000"
"2022-10-09","2022","2038294.000000"
"2022-10-16","2022","1991333.000000"
"2022-10-23","2022","1949152.000000"
"2022-10-30","2022","1880494.000000"
"2022-11-06","2022","1890340.000000"
"2022-11-13","2022","1944604.000000"
"2022-11-20","2022","1918804.000000"
"2022-11-27","2022","1955579.000000"
"2022-12-04","2022","1746885.000000"
"2022-12-11","2022","1773326.000000"
"2022-12-18","2022","1801596.000000"
"2022-12-25","2022","1959822.000000"
"2023-01-01","2022","235863.000000"
"2023-01-01","2023","2173351.000000"
"2023-01-08","2023","1833075.000000"
"2023-01-15","2023","1778217.000000"
"2023-01-22","2023","1697360.000000"
"2023-01-29","2023","1668450.000000"
"2023-02-05","2023","1724508.000000"
"2023-02-12","2023","1796652.000000"
"2023-02-19","2023","1929387.000000"
"2023-02-26","2023","1867743.000000"
"2023-03-05","2023","1890977.000000"
"2023-03-12","2023","1999336.000000"
"2023-03-19","2023","2039660.000000"
"2023-03-26","2023","2008911.000000"
"2023-04-02","2023","2177982.000000"
"2023-04-09","2023","2052972.000000"
"2023-04-16","2023","1989466.000000"
"2023-04-23","2023","2048836.000000"
"2023-04-30","2023","2077968.000000"
"2023-05-07","2023","2035707.000000"
"2023-05-14","2023","2117753.000000"
"2023-05-21","2023","2090646.000000"
"2023-05-28","2023","2273875.000000"
"2023-06-04","2023","2133306.000000"
"2023-06-11","2023","2208948.000000"
"2023-06-18","2023","2312943.000000"
"2023-06-25","2023","2370422.000000"
"2023-07-02","2023","2458993.000000"
"2023-07-09","2023","2393042.000000"
"2023-07-16","2023","2449595.000000"
"2023-07-23","2023","2498296.000000"
"2023-07-30","2023","2479909.000000"
"2023-08-06","2023","2404998.000000"
"2023-08-13","2023","2321849.000000"
"2023-08-20","2023","2190918.000000"
"2023-08-27","2023","2172798.000000"
"2023-09-03","2023","2320468.000000"
"2023-09-10","2023","2142171.000000"
"2023-09-17","2023","1915802.000000"
"2023-09-24","2023","2235420.000000"
"2023-10-01","2023","2254831.000000"
"2023-10-08","2023","2257462.000000"
"2023-10-15","2023","2172779.000000"
"2023-10-22","2023","2099360.000000"
"2023-10-29","2023","1964405.000000"
"2023-11-05","2023","1962192.000000"
"2023-11-12","2023","2054386.000000"
"2023-11-19","2023","2083686.000000"
"2023-11-26","2023","2053639.000000"
"2023-12-03","2023","1866531.000000"
"2023-12-10","2023","1931869.000000"
"2023-12-17","2023","2086405.000000"
"2023-12-24","2023","2224460.000000"
"2023-12-31","2023","609162.000000"
"2023-12-31","2024","2121092.000000"
"2024-01-07","2024","2098780.000000"
"2024-01-14","2024","1978089.000000"
"2024-01-21","2024","1920891.000000"
"2024-01-28","2024","1830947.000000"
"2024-02-04","2024","1467997.000000"
"2024-02-11","2024","1998261.000000"
"2024-02-18","2024","2167748.000000"
"2024-02-25","2024","2147253.000000"
"2024-03-03","2024","2116781.000000"
"2024-03-10","2024","2201567.000000"
"2024-03-17","2024","2277704.000000"
"2024-03-24","2024","2407918.000000"
"2024-03-31","2024","2338334.000000"
"2024-04-07","2024","2214012.000000"
"2024-04-14","2024","2209752.000000"
"2024-04-21","2024","2262732.000000"
"2024-04-28","2024","2306796.000000"
"2024-05-05","2024","2247869.000000"
"2024-05-12","2024","2373003.000000"
"2024-05-19","2024","2288614.000000"
"2024-05-26","2024","2443953.000000"
"2024-06-02","2024","2280789.000000"
"2024-06-09","2024","2229577.000000"
"2024-06-16","2024","2274786.000000"
"2024-06-23","2024","2351551.000000"
"2024-06-30","2024","2314807.000000"
"2024-07-07","2024","2442664.000000"
"2024-07-14","2024","2346821.000000"
"2024-07-21","2024","2461823.000000"
"2024-07-28","2024","2511510.000000"
"2024-08-04","2024","2433220.000000"
"2024-08-11","2024","2396322.000000"
"2024-08-18","2024","2360586.000000"
"2024-08-25","2024","2291495.000000"
"2024-09-01","2024","2381183.000000"
"2024-09-08","2024","2210300.000000"
"2024-09-15","2024","2317371.000000"
"2024-09-22","2024","2423113.000000"
"2024-09-29","2024","2421890.000000"
"2024-10-06","2024","2408094.000000"
"2024-10-13","2024","2506984.000000"
"2024-10-20","2024","2388766.000000"
"2024-10-27","2024","2271491.000000"
"2024-11-03","2024","2209373.000000"
"2024-11-10","2024","2350853.000000"
"2024-11-17","2024","2315763.000000"
"2024-11-24","2024","2314030.000000"
"2024-12-01","2024","2340656.000000"
"2024-12-08","2024","2151972.000000"
"2024-12-15","2024","2265891.000000"
"2024-12-22","2024","2449366.000000"
"2024-12-29","2024","1453906.000000"
"2024-12-29","2025","1564802.000000"
"2025-01-05","2025","2413142.000000"
"2025-01-12","2025","2177122.000000"
"2025-01-19","2025","2154389.000000"
"2025-01-26","2025","2083460.000000"
"2025-02-02","2025","2055681.000000"
"2025-02-09","2025","2051772.000000"
"2025-02-16","2025","2230414.000000"
"2025-02-23","2025","2246459.000000"
"2025-03-02","2025","2357850.000000"
"2025-03-09","2025","2240554.000000"
"2025-03-16","2025","2312071.000000"
"2025-03-23","2025","2303863.000000"
"2025-03-30","2025","2258026.000000"
"2025-04-06","2025","2265668.000000"
"2025-04-13","2025","2463128.000000"
"2025-04-20","2025","2356082.000000"
"2025-04-27","2025","2325286.000000"
"2025-05-04","2025","2215188.000000"
"2025-05-11","2025","2342388.000000"
"2025-05-18","2025","2297799.000000"
"2025-05-25","2025","2474166.000000"
"2025-06-01","2025","2329694.000000"
"2025-06-08","2025","2379476.000000"
"2025-06-15","2025","2475493.000000"
"2025-06-22","2025","2544043.000000"
"2025-06-29","2025","2515105.000000"
"2025-07-06","2025","2685167.000000"
"2025-07-13","2025","2301345.000000"
"2025-07-20","2025","2694614.000000"
"2025-07-27","2025","2741241.000000"
"2025-08-03","2025","2637054.000000"
"2025-08-10","2025","2576686.000000"
"2025-08-17","2025","2469962.000000"
"2025-08-24","2025","2330266.000000"
"2025-08-31","2025","2451968.000000"
"2025-09-07","2025","2259720.000000"
"2025-09-14","2025","2378404.000000"
"2025-09-21","2025","2374540.000000"
"2025-09-28","2025","2361508.000000"
"2025-10-05","2025","2290671.000000"
"2025-10-12","2025","2454193.000000"
"2025-10-19","2025","2396420.000000"
"2025-10-26","2025","2284084.000000"
"2025-11-02","2025","2205318.000000"
"2025-11-09","2025","2298795.000000"
"2025-11-16","2025","2263241.000000"
"2025-11-23","2025","2264146.000000"
"2025-11-30","2025","2343784.000000"
"2025-12-07","2025","2224896.000000"
"2025-12-14","2025","2342983.000000"
"2025-12-21","2025","2473761.000000"
"2025-12-28","2025","1893212.000000"
