area,month,pct_vaccinated,sample_size
TX-Bexar County,July,—§,364
TX-Bexar County,August,—§,364
TX-Bexar County,September,9,364
TX-Bexar County,October,25.9,364
TX-Bexar County,November,36.1,364
TX-Bexar County,December,40,364
TX-Bexar County,January,46.5,364
TX-Bexar County,February,47.6,364
TX-Bexar County,March,47.6,364
TX-Bexar County,April,48.8,364
TX-Bexar County,May,48.8,364
TX-City of Houston,July,—§,1287
TX-City of Houston,August,2.5,1287
TX-City of Houston,September,9.6,1287
TX-City of Houston,October,27,1287
TX-City of Houston,November,35.5,1287
TX-City of Houston,December,38.7,1287
TX-City of Houston,January,40.9,1287
TX-City of Houston,February,44.5,1287
TX-City of Houston,March,44.6,1287
TX-City of Houston,April,44.6,1287
TX-City of Houston,May,44.6,1287
